Date,us_regular,east_coast_regular,new_england_regular,central_atlantic_regular,lower_atlantic_regular,gulf_coast_regular,fl_regular,ma_regular,ny_regular,tx_regular,
08/20/1990,1.191,,,,,,,,,,
08/27/1990,1.245,,,,,,,,,,
09/03/1990,1.242,,,,,,,,,,
09/10/1990,1.252,,,,,,,,,,
09/17/1990,1.266,,,,,,,,,,
09/24/1990,1.272,,,,,,,,,,
10/01/1990,1.321,,,,,,,,,,
10/08/1990,1.333,,,,,,,,,,
10/15/1990,1.339,,,,,,,,,,
10/22/1990,1.345,,,,,,,,,,
10/29/1990,1.339,,,,,,,,,,
11/05/1990,1.334,,,,,,,,,,
11/12/1990,1.328,,,,,,,,,,
11/19/1990,1.323,,,,,,,,,,
11/26/1990,1.311,,,,,,,,,,
12/03/1990,1.341,,,,,,,,,,
12/10/1990,,,,,,,,,,,
12/17/1990,,,,,,,,,,,
12/24/1990,,,,,,,,,,,
12/31/1990,,,,,,,,,,,
01/07/1991,,,,,,,,,,,
01/14/1991,,,,,,,,,,,
01/21/1991,1.192,,,,,,,,,,
01/28/1991,1.168,,,,,,,,,,
02/04/1991,1.139,,,,,,,,,,
02/11/1991,1.106,,,,,,,,,,
02/18/1991,1.078,,,,,,,,,,
02/25/1991,1.054,,,,,,,,,,
03/04/1991,1.025,,,,,,,,,,
03/11/1991,1.045,,,,,,,,,,
03/18/1991,1.043,,,,,,,,,,
03/25/1991,1.047,,,,,,,,,,
04/01/1991,1.052,,,,,,,,,,
04/08/1991,1.066,,,,,,,,,,
04/15/1991,1.069,,,,,,,,,,
04/22/1991,1.09,,,,,,,,,,
04/29/1991,1.104,,,,,,,,,,
05/06/1991,1.113,,,,,,,,,,
05/13/1991,1.121,,,,,,,,,,
05/20/1991,1.129,,,,,,,,,,
05/27/1991,1.14,,,,,,,,,,
06/03/1991,1.138,,,,,,,,,,
06/10/1991,1.135,,,,,,,,,,
06/17/1991,1.126,,,,,,,,,,
06/24/1991,1.114,,,,,,,,,,
07/01/1991,1.104,,,,,,,,,,
07/08/1991,1.098,,,,,,,,,,
07/15/1991,1.094,,,,,,,,,,
07/22/1991,1.091,,,,,,,,,,
07/29/1991,1.091,,,,,,,,,,
08/05/1991,1.099,,,,,,,,,,
08/12/1991,1.112,,,,,,,,,,
08/19/1991,1.124,,,,,,,,,,
08/26/1991,1.124,,,,,,,,,,
09/02/1991,1.127,,,,,,,,,,
09/09/1991,1.12,,,,,,,,,,
09/16/1991,1.11,,,,,,,,,,
09/23/1991,1.097,,,,,,,,,,
09/30/1991,1.092,,,,,,,,,,
10/07/1991,1.089,,,,,,,,,,
10/14/1991,1.084,,,,,,,,,,
10/21/1991,1.088,,,,,,,,,,
10/28/1991,1.091,,,,,,,,,,
11/04/1991,1.091,,,,,,,,,,
11/11/1991,1.102,,,,,,,,,,
11/18/1991,1.104,,,,,,,,,,
11/25/1991,1.099,,,,,,,,,,
12/02/1991,1.099,,,,,,,,,,
12/09/1991,1.091,,,,,,,,,,
12/16/1991,1.075,,,,,,,,,,
12/23/1991,1.063,,,,,,,,,,
12/30/1991,1.053,,,,,,,,,,
01/06/1992,1.042,,,,,,,,,,
01/13/1992,1.026,,,,,,,,,,
01/20/1992,1.014,,,,,,,,,,
01/27/1992,1.006,,,,,,,,,,
02/03/1992,0.995,,,,,,,,,,
02/10/1992,1.004,,,,,,,,,,
02/17/1992,1.011,,,,,,,,,,
02/24/1992,1.014,,,,,,,,,,
03/02/1992,1.012,,,,,,,,,,
03/09/1992,1.013,,,,,,,,,,
03/16/1992,1.01,,,,,,,,,,
03/23/1992,1.015,,,,,,,,,,
03/30/1992,1.013,,,,,,,,,,
04/06/1992,1.026,,,,,,,,,,
04/13/1992,1.051,,,,,,,,,,
04/20/1992,1.058,,,,,,,,,,
04/27/1992,1.072,,,,,,,,,,
05/04/1992,1.089,,,,,,,,,,
05/11/1992,1.102,1.071,,,,1.084,,,,,
05/18/1992,1.118,1.085,,,,1.095,,,,,
05/25/1992,1.12,1.092,,,,1.094,,,,,
06/01/1992,1.128,1.1,,,,1.108,,,,,
06/08/1992,1.143,1.114,,,,1.12,,,,,
06/15/1992,1.151,1.122,,,,1.127,,,,,
06/22/1992,1.153,1.128,,,,1.13,,,,,
06/29/1992,1.149,1.129,,,,1.129,,,,,
07/06/1992,1.147,1.13,,,,1.131,,,,,
07/13/1992,1.139,1.126,,,,1.127,,,,,
07/20/1992,1.132,1.123,,,,1.12,,,,,
07/27/1992,1.128,1.121,,,,1.118,,,,,
08/03/1992,1.126,1.118,,,,1.117,,,,,
08/10/1992,1.123,1.115,,,,1.116,,,,,
08/17/1992,1.116,1.111,,,,1.113,,,,,
08/24/1992,1.123,1.109,,,,1.108,,,,,
08/31/1992,1.121,1.106,,,,1.109,,,,,
09/07/1992,1.121,1.104,,,,1.114,,,,,
09/14/1992,1.124,1.103,,,,1.109,,,,,
09/21/1992,1.123,1.102,,,,1.105,,,,,
09/28/1992,1.118,1.098,,,,1.102,,,,,
10/05/1992,1.115,1.098,,,,1.097,,,,,
10/12/1992,1.115,1.097,,,,1.097,,,,,
10/19/1992,1.113,1.098,,,,1.094,,,,,
10/26/1992,1.113,1.098,,,,1.093,,,,,
11/02/1992,1.12,1.1,,,,1.096,,,,,
11/09/1992,1.12,1.103,,,,1.096,,,,,
11/16/1992,1.112,1.099,,,,1.092,,,,,
11/23/1992,1.106,1.097,,,,1.086,,,,,
11/30/1992,1.098,1.093,,,,1.083,,,,,
12/07/1992,1.089,1.088,,,,1.075,,,,,
12/14/1992,1.078,1.082,,,,1.068,,,,,
12/21/1992,1.074,1.075,,,,1.063,,,,,
12/28/1992,1.069,1.072,,,,1.059,,,,,
01/04/1993,1.065,1.067,,,,1.057,,,,,
01/11/1993,1.066,1.061,,,,1.057,,,,,
01/18/1993,1.061,1.054,,,,1.05,,,,,
01/25/1993,1.055,1.049,,,,1.046,,,,,
02/01/1993,1.055,1.048,,,,1.043,,,,,
02/08/1993,1.062,1.047,,,,1.044,,,,,
02/15/1993,1.053,1.042,,,,1.038,,,,,
02/22/1993,1.047,1.037,,,,1.033,,,,,
03/01/1993,1.042,1.034,,,,1.027,,,,,
03/08/1993,1.048,1.031,,,,1.043,,,,,
03/15/1993,1.058,1.036,,,,1.052,,,,,
03/22/1993,1.056,1.036,,,,1.056,,,,,
03/29/1993,1.057,1.036,,,,1.055,,,,,
04/05/1993,1.068,1.04,1.068,1.068,1.023,1.064,,,,,
04/12/1993,1.079,1.047,1.073,1.072,1.032,1.071,,,,,
04/19/1993,1.079,1.054,1.074,1.077,1.04,1.081,,,,,
04/26/1993,1.086,1.059,1.076,1.08,1.046,1.081,,,,,
05/03/1993,1.086,1.062,1.08,1.084,1.05,1.084,,,,,
05/10/1993,1.097,1.069,1.091,1.09,1.057,1.088,,,,,
05/17/1993,1.106,1.073,1.096,1.095,1.06,1.097,,,,,
05/24/1993,1.106,1.075,1.096,1.094,1.064,1.096,,,,,
05/31/1993,1.107,1.078,1.097,1.099,1.065,1.096,,,,,
06/07/1993,1.104,1.078,1.102,1.098,1.064,1.095,,,,,
06/14/1993,1.101,1.076,1.103,1.097,1.062,1.094,,,,,
06/21/1993,1.095,1.075,1.101,1.095,1.062,1.09,,,,,
06/28/1993,1.089,1.072,1.1,1.095,1.057,1.087,,,,,
07/05/1993,1.086,1.068,1.096,1.091,1.054,1.089,,,,,
07/12/1993,1.081,1.066,1.095,1.09,1.05,1.083,,,,,
07/19/1993,1.075,1.062,1.091,1.086,1.046,1.08,,,,,
07/26/1993,1.069,1.059,1.089,1.083,1.043,1.075,,,,,
08/02/1993,1.062,1.054,1.086,1.077,1.038,1.07,,,,,
08/09/1993,1.06,1.051,1.081,1.076,1.035,1.067,,,,,
08/16/1993,1.059,1.047,1.077,1.075,1.03,1.064,,,,,
08/23/1993,1.065,1.045,1.072,1.074,1.028,1.067,,,,,
08/30/1993,1.062,1.041,1.069,1.068,1.024,1.062,,,,,
09/06/1993,1.055,1.037,1.065,1.065,1.02,1.06,,,,,
09/13/1993,1.051,1.034,1.068,1.063,1.016,1.054,,,,,
09/20/1993,1.045,1.028,1.063,1.059,1.009,1.05,,,,,
09/27/1993,1.047,1.024,1.06,1.057,1.003,1.042,,,,,
10/04/1993,1.092,1.068,1.101,1.104,1.047,1.086,,,,,
10/11/1993,1.09,1.064,1.092,1.102,1.042,1.081,,,,,
10/18/1993,1.093,1.063,1.093,1.1,1.041,1.078,,,,,
10/25/1993,1.092,1.061,1.091,1.1,1.039,1.073,,,,,
11/01/1993,1.084,1.057,1.087,1.099,1.034,1.069,,,,,
11/08/1993,1.075,1.053,1.081,1.097,1.029,1.062,,,,,
11/15/1993,1.064,1.048,1.081,1.09,1.025,1.052,,,,,
11/22/1993,1.058,1.043,1.076,1.085,1.019,1.044,,,,,
11/29/1993,1.051,1.038,1.074,1.081,1.013,1.04,,,,,
12/06/1993,1.036,1.028,1.064,1.071,1.003,1.03,,,,,
12/13/1993,1.018,1.015,1.055,1.064,0.986,1.014,,,,,
12/20/1993,1.003,1.004,1.047,1.056,0.974,1.001,,,,,
12/27/1993,0.999,0.997,1.04,1.051,0.966,0.993,,,,,
01/03/1994,0.992,0.992,1.037,1.044,0.962,0.989,,,,,
01/10/1994,0.995,0.989,1.036,1.041,0.958,0.984,,,,,
01/17/1994,1.001,0.987,1.036,1.033,0.958,0.982,,,,,
01/24/1994,0.999,0.985,1.032,1.03,0.957,0.981,,,,,
01/31/1994,1.005,0.984,1.028,1.031,0.955,0.983,,,,,
02/07/1994,1.007,0.989,1.028,1.035,0.962,0.986,,,,,
02/14/1994,1.016,0.996,1.033,1.038,0.972,0.992,,,,,
02/21/1994,1.009,0.997,1.035,1.04,0.972,0.985,,,,,
02/28/1994,1.004,0.996,1.036,1.038,0.97,0.981,,,,,
03/07/1994,1.007,0.994,1.041,1.036,0.968,0.978,,,,,
03/14/1994,1.005,0.993,1.038,1.034,0.968,0.976,,,,,
03/21/1994,1.007,0.992,1.034,1.031,0.969,0.981,,,,,
03/28/1994,1.012,0.996,1.033,1.029,0.975,0.995,,,,,
04/04/1994,1.011,0.996,1.032,1.027,0.976,0.999,,,,,
04/11/1994,1.028,1.004,1.033,1.028,0.988,1.01,,,,,
04/18/1994,1.033,1.008,1.036,1.035,0.992,1.015,,,,,
04/25/1994,1.037,1.013,1.039,1.04,0.996,1.021,,,,,
05/02/1994,1.04,1.017,1.043,1.049,0.998,1.024,,,,,
05/09/1994,1.045,1.018,1.046,1.051,0.999,1.024,,,,,
05/16/1994,1.046,1.021,1.057,1.055,1,1.025,,,,,
05/23/1994,1.05,1.023,1.061,1.058,1.001,1.023,,,,,
05/30/1994,1.056,1.028,1.066,1.069,1.003,1.028,,,,,
06/06/1994,1.065,1.036,1.071,1.077,1.012,1.037,,,,,
06/13/1994,1.073,1.044,1.078,1.084,1.021,1.049,,,,,
06/20/1994,1.079,1.05,1.087,1.089,1.028,1.051,,,,,
06/27/1994,1.095,1.062,1.096,1.1,1.04,1.067,,,,,
07/04/1994,1.097,1.068,1.105,1.106,1.044,1.072,,,,,
07/11/1994,1.103,1.07,1.105,1.109,1.046,1.072,,,,,
07/18/1994,1.109,1.074,1.108,1.118,1.049,1.079,,,,,
07/25/1994,1.114,1.079,1.112,1.123,1.054,1.081,,,,,
08/01/1994,1.13,1.089,1.122,1.134,1.063,1.096,,,,,
08/08/1994,1.157,1.113,1.148,1.154,1.089,1.126,,,,,
08/15/1994,1.161,1.124,1.162,1.165,1.1,1.132,,,,,
08/22/1994,1.165,1.127,1.166,1.167,1.103,1.134,,,,,
08/29/1994,1.161,1.126,1.167,1.168,1.1,1.134,,,,,
09/05/1994,1.156,1.122,1.164,1.163,1.098,1.131,,,,,
09/12/1994,1.15,1.121,1.16,1.163,1.096,1.129,,,,,
09/19/1994,1.14,1.116,1.152,1.157,1.091,1.123,,,,,
09/26/1994,1.129,1.111,1.146,1.155,1.085,1.114,,,,,
10/03/1994,1.12,1.105,1.136,1.153,1.078,1.109,,,,,
10/10/1994,1.114,1.1,1.137,1.147,1.072,1.103,,,,,
10/17/1994,1.106,1.098,1.138,1.146,1.069,1.096,,,,,
10/24/1994,1.107,1.098,1.135,1.148,1.069,1.093,,,,,
10/31/1994,1.121,1.112,1.148,1.163,1.083,1.105,,,,,
11/07/1994,1.123,1.122,1.159,1.174,1.091,1.111,,,,,
11/14/1994,1.122,1.121,1.161,1.177,1.088,1.105,,,,,
11/21/1994,1.113,1.116,1.161,1.175,1.083,1.1,,,,,
11/28/1994,1.105,1.112,1.162,1.172,1.078,1.103,,,,,
12/05/1994,1.103,1.115,1.177,1.181,1.072,1.109,,,,,
12/12/1994,1.095,1.11,1.176,1.177,1.064,1.108,,,,,
12/19/1994,1.087,1.104,1.173,1.174,1.055,1.107,,,,,
12/26/1994,1.077,1.099,1.166,1.171,1.048,1.094,,,,,
01/02/1995,1.079,1.092,1.163,1.166,1.04,1.094,,,,,
01/09/1995,1.086,1.09,1.16,1.164,1.039,1.095,,,,,
01/16/1995,1.078,1.086,1.157,1.155,1.036,1.093,,,,,
01/23/1995,1.083,1.085,1.159,1.151,1.036,1.085,,,,,
01/30/1995,1.083,1.084,1.156,1.146,1.037,1.089,,,,,
02/06/1995,1.076,1.081,1.156,1.142,1.035,1.086,,,,,
02/13/1995,1.074,1.076,1.155,1.138,1.03,1.081,,,,,
02/20/1995,1.067,1.073,1.152,1.134,1.027,1.074,,,,,
02/27/1995,1.073,1.073,1.152,1.13,1.028,1.079,,,,,
03/06/1995,1.076,1.073,1.149,1.129,1.03,1.079,,,,,
03/13/1995,1.069,1.069,1.144,1.125,1.026,1.074,,,,,
03/20/1995,1.068,1.065,1.139,1.12,1.022,1.064,,,,,
03/27/1995,1.075,1.063,1.135,1.117,1.021,1.067,,,,,
04/03/1995,1.087,1.067,1.136,1.118,1.028,1.08,,,,,
04/10/1995,1.103,1.079,1.139,1.122,1.044,1.097,,,,,
04/17/1995,1.117,1.096,1.147,1.134,1.067,1.115,,,,,
04/24/1995,1.138,1.124,1.167,1.156,1.099,1.14,,,,,
05/01/1995,1.148,1.138,1.182,1.173,1.11,1.157,,,,,
05/08/1995,1.169,1.161,1.199,1.196,1.136,1.171,,,,,
05/15/1995,1.179,1.172,1.215,1.21,1.144,1.181,,,,,
05/22/1995,1.197,1.19,1.232,1.227,1.163,1.196,,,,,
05/29/1995,1.199,1.2,1.251,1.241,1.169,1.204,,,,,
06/05/1995,1.199,1.202,1.254,1.244,1.171,1.204,,,,,
06/12/1995,1.196,1.201,1.256,1.244,1.169,1.199,,,,,
06/19/1995,1.189,1.199,1.256,1.242,1.165,1.196,,,,,
06/26/1995,1.182,1.195,1.254,1.242,1.159,1.193,,,,,
07/03/1995,1.175,1.188,1.253,1.238,1.149,1.185,,,,,
07/10/1995,1.165,1.183,1.25,1.234,1.144,1.176,,,,,
07/17/1995,1.153,1.176,1.248,1.227,1.135,1.164,,,,,
07/24/1995,1.144,1.168,1.242,1.221,1.124,1.151,,,,,
07/31/1995,1.132,1.157,1.236,1.214,1.109,1.14,,,,,
08/07/1995,1.127,1.151,1.231,1.207,1.106,1.128,,,,,
08/14/1995,1.125,1.144,1.224,1.201,1.098,1.124,,,,,
08/21/1995,1.124,1.141,1.222,1.195,1.096,1.117,,,,,
08/28/1995,1.117,1.136,1.219,1.19,1.088,1.111,,,,,
09/04/1995,1.113,1.127,1.216,1.185,1.079,1.103,,,,,
09/11/1995,1.111,1.124,1.214,1.182,1.076,1.097,,,,,
09/18/1995,1.11,1.119,1.211,1.178,1.07,1.093,,,,,
09/25/1995,1.109,1.117,1.207,1.178,1.068,1.09,,,,,
10/02/1995,1.105,1.111,1.206,1.171,1.062,1.08,,,,,
10/09/1995,1.097,1.106,1.202,1.165,1.058,1.079,,,,,
10/16/1995,1.087,1.098,1.196,1.156,1.05,1.072,,,,,
10/23/1995,1.079,1.088,1.188,1.146,1.04,1.064,,,,,
10/30/1995,1.068,1.079,1.177,1.135,1.032,1.054,,,,,
11/06/1995,1.065,1.068,1.164,1.126,1.021,1.047,,,,,
11/13/1995,1.063,1.063,1.156,1.12,1.017,1.043,,,,,
11/20/1995,1.06,1.056,1.146,1.116,1.009,1.039,,,,,
11/27/1995,1.061,1.055,1.142,1.115,1.007,1.04,,,,,
12/04/1995,1.062,1.055,1.149,1.119,1.003,1.04,,,,,
12/11/1995,1.063,1.057,1.152,1.124,1.004,1.046,,,,,
12/18/1995,1.078,1.061,1.16,1.13,1.006,1.047,,,,,
12/25/1995,1.082,1.066,1.164,1.136,1.012,1.056,,,,,
01/01/1996,1.083,1.071,1.175,1.14,1.016,1.056,,,,,
01/08/1996,1.093,1.074,1.176,1.141,1.02,1.063,,,,,
01/15/1996,1.098,1.085,1.18,1.143,1.037,1.082,,,,,
01/22/1996,1.091,1.084,1.177,1.143,1.036,1.078,,,,,
01/29/1996,1.087,1.081,1.174,1.141,1.032,1.076,,,,,
02/05/1996,1.083,1.078,1.169,1.136,1.03,1.069,,,,,
02/12/1996,1.08,1.074,1.165,1.132,1.027,1.067,,,,,
02/19/1996,1.087,1.074,1.162,1.13,1.028,1.067,,,,,
02/26/1996,1.107,1.084,1.164,1.134,1.042,1.078,,,,,
03/04/1996,1.124,1.097,1.17,1.144,1.06,1.102,,,,,
03/11/1996,1.125,1.102,1.171,1.147,1.066,1.111,,,,,
03/18/1996,1.135,1.108,1.171,1.149,1.075,1.122,,,,,
03/25/1996,1.164,1.131,1.187,1.165,1.102,1.148,,,,,
04/01/1996,1.178,1.151,1.205,1.184,1.124,1.164,,,,,
04/08/1996,1.204,1.172,1.223,1.2,1.148,1.19,,,,,
04/15/1996,1.242,1.216,1.267,1.24,1.195,1.233,,,,,
04/22/1996,1.256,1.232,1.28,1.26,1.209,1.252,,,,,
04/29/1996,1.273,1.243,1.304,1.275,1.214,1.254,,,,,
05/06/1996,1.275,1.253,1.322,1.294,1.219,1.256,,,,,
05/13/1996,1.277,1.256,1.326,1.299,1.22,1.256,,,,,
05/20/1996,1.285,1.256,1.33,1.301,1.219,1.253,,,,,
05/27/1996,1.275,1.254,1.328,1.297,1.217,1.245,,,,,
06/03/1996,1.269,1.251,1.326,1.297,1.214,1.243,,,,,
06/10/1996,1.262,1.244,1.319,1.29,1.206,1.239,,,,,
06/17/1996,1.258,1.235,1.308,1.283,1.196,1.232,,,,,
06/24/1996,1.245,1.228,1.301,1.277,1.188,1.215,,,,,
07/01/1996,1.234,1.218,1.289,1.268,1.179,1.207,,,,,
07/08/1996,1.231,1.213,1.286,1.263,1.173,1.201,,,,,
07/15/1996,1.228,1.209,1.279,1.256,1.171,1.195,,,,,
07/22/1996,1.227,1.205,1.277,1.252,1.167,1.191,,,,,
07/29/1996,1.218,1.2,1.269,1.245,1.164,1.191,,,,,
08/05/1996,1.207,1.194,1.263,1.237,1.159,1.184,,,,,
08/12/1996,1.203,1.188,1.259,1.231,1.153,1.178,,,,,
08/19/1996,1.205,1.184,1.255,1.227,1.149,1.175,,,,,
08/26/1996,1.209,1.182,1.256,1.223,1.146,1.169,,,,,
09/02/1996,1.197,1.178,1.254,1.22,1.141,1.167,,,,,
09/09/1996,1.203,1.181,1.255,1.219,1.147,1.169,,,,,
09/16/1996,1.206,1.182,1.256,1.221,1.148,1.173,,,,,
09/23/1996,1.206,1.181,1.257,1.222,1.145,1.177,,,,,
09/30/1996,1.2,1.179,1.255,1.223,1.142,1.175,,,,,
10/07/1996,1.194,1.177,1.256,1.221,1.139,1.169,,,,,
10/14/1996,1.203,1.184,1.259,1.224,1.149,1.173,,,,,
10/21/1996,1.204,1.191,1.262,1.227,1.16,1.181,,,,,
10/28/1996,1.215,1.198,1.269,1.234,1.167,1.179,,,,,
11/04/1996,1.223,1.211,1.281,1.249,1.179,1.193,,,,,
11/11/1996,1.226,1.214,1.281,1.253,1.181,1.202,,,,,
11/18/1996,1.236,1.229,1.293,1.269,1.196,1.209,,,,,
11/25/1996,1.244,1.237,1.303,1.283,1.2,1.219,,,,,
12/02/1996,1.241,1.241,1.314,1.292,1.201,1.216,,,,,
12/09/1996,1.241,1.247,1.328,1.299,1.204,1.219,,,,,
12/16/1996,1.236,1.248,1.334,1.306,1.201,1.217,,,,,
12/23/1996,1.231,1.247,1.336,1.306,1.2,1.217,,,,,
12/30/1996,1.227,1.246,1.338,1.307,1.196,1.216,,,,,
01/06/1997,1.225,1.245,1.338,1.304,1.197,1.214,,,,,
01/13/1997,1.241,1.249,1.337,1.307,1.201,1.212,,,,,
01/20/1997,1.241,1.249,1.334,1.305,1.202,1.214,,,,,
01/27/1997,1.238,1.246,1.331,1.303,1.199,1.208,,,,,
02/03/1997,1.236,1.244,1.331,1.298,1.199,1.209,,,,,
02/10/1997,1.234,1.242,1.329,1.294,1.198,1.216,,,,,
02/17/1997,1.227,1.237,1.322,1.289,1.193,1.218,,,,,
02/24/1997,1.223,1.23,1.313,1.28,1.189,1.206,,,,,
03/03/1997,1.215,1.223,1.303,1.27,1.184,1.197,,,,,
03/10/1997,1.206,1.217,1.293,1.26,1.18,1.192,,,,,
03/17/1997,1.2,1.209,1.282,1.251,1.172,1.185,,,,,
03/24/1997,1.204,1.205,1.28,1.241,1.172,1.185,,,,,
03/31/1997,1.2,1.202,1.277,1.237,1.17,1.183,,,,,
04/07/1997,1.203,1.198,1.272,1.232,1.167,1.183,,,,,
04/14/1997,1.199,1.194,1.265,1.224,1.164,1.178,,,,,
04/21/1997,1.199,1.187,1.257,1.216,1.159,1.171,,,,,
04/28/1997,1.195,1.181,1.251,1.21,1.152,1.167,,,,,
05/05/1997,1.193,1.18,1.243,1.22,1.147,1.165,,,,,
05/12/1997,1.193,1.175,1.24,1.216,1.142,1.157,,,,,
05/19/1997,1.203,1.179,1.24,1.22,1.147,1.157,,,,,
05/26/1997,1.212,1.181,1.25,1.224,1.146,1.17,,,,,
06/02/1997,1.215,1.184,1.253,1.228,1.148,1.167,,,,,
06/09/1997,1.207,1.181,1.252,1.228,1.142,1.167,,,,,
06/16/1997,1.198,1.177,1.247,1.226,1.137,1.163,,,,,
06/23/1997,1.187,1.171,1.24,1.219,1.132,1.151,,,,,
06/30/1997,1.181,1.164,1.234,1.213,1.125,1.149,,,,,
07/07/1997,1.177,1.159,1.227,1.209,1.119,1.146,,,,,
07/14/1997,1.173,1.156,1.219,1.205,1.118,1.138,,,,,
07/21/1997,1.177,1.154,1.219,1.203,1.115,1.14,,,,,
07/28/1997,1.17,1.154,1.22,1.202,1.116,1.14,,,,,
08/04/1997,1.193,1.173,1.249,1.222,1.132,1.152,,,,,
08/11/1997,1.228,1.202,1.275,1.247,1.165,1.182,,,,,
08/18/1997,1.229,1.21,1.293,1.26,1.168,1.183,,,,,
08/25/1997,1.244,1.228,1.325,1.288,1.178,1.192,,,,,
09/01/1997,1.243,1.232,1.332,1.297,1.18,1.19,,,,,
09/08/1997,1.243,1.234,1.332,1.299,1.18,1.187,,,,,
09/15/1997,1.236,1.229,1.325,1.295,1.175,1.187,,,,,
09/22/1997,1.225,1.222,1.313,1.289,1.168,1.182,,,,,
09/29/1997,1.21,1.211,1.303,1.278,1.158,1.172,,,,,
10/06/1997,1.209,1.202,1.297,1.269,1.149,1.165,,,,,
10/13/1997,1.203,1.197,1.295,1.262,1.144,1.161,,,,,
10/20/1997,1.193,1.189,1.286,1.252,1.138,1.157,,,,,
10/27/1997,1.182,1.181,1.276,1.243,1.131,1.143,,,,,
11/03/1997,1.176,1.173,1.267,1.231,1.124,1.137,,,,,
11/10/1997,1.177,1.166,1.259,1.224,1.119,1.132,,,,,
11/17/1997,1.168,1.159,1.251,1.215,1.112,1.129,,,,,
11/24/1997,1.162,1.151,1.245,1.205,1.105,1.121,,,,,
12/01/1997,1.152,1.144,1.236,1.198,1.1,1.119,,,,,
12/08/1997,1.141,1.135,1.225,1.19,1.09,1.11,,,,,
12/15/1997,1.131,1.126,1.214,1.179,1.08,1.102,,,,,
12/22/1997,1.121,1.117,1.202,1.171,1.071,1.09,,,,,
12/29/1997,1.112,1.109,1.198,1.166,1.062,1.087,,,,,
01/05/1998,1.102,1.104,1.193,1.16,1.057,1.082,,,,,
01/12/1998,1.094,1.094,1.179,1.147,1.049,1.074,,,,,
01/19/1998,1.083,1.083,1.167,1.135,1.038,1.065,,,,,
01/26/1998,1.066,1.07,1.159,1.121,1.026,1.06,,,,,
02/02/1998,1.061,1.06,1.15,1.106,1.018,1.038,,,,,
02/09/1998,1.053,1.053,1.139,1.097,1.012,1.039,,,,,
02/16/1998,1.038,1.041,1.124,1.085,1.001,1.026,,,,,
02/23/1998,1.044,1.034,1.116,1.073,0.997,1.015,,,,,
03/02/1998,1.028,1.026,1.104,1.061,0.991,1.01,,,,,
03/09/1998,1.018,1.016,1.087,1.048,0.985,1.007,,,,,
03/16/1998,1.008,1.002,1.07,1.033,0.973,0.995,,,,,
03/23/1998,1,0.992,1.052,1.025,0.963,0.983,,,,,
03/30/1998,1.03,1.012,1.067,1.048,0.983,1.002,,,,,
04/06/1998,1.028,1.016,1.074,1.05,0.987,1.008,,,,,
04/13/1998,1.025,1.015,1.07,1.049,0.986,1.004,,,,,
04/20/1998,1.028,1.012,1.066,1.048,0.983,0.998,,,,,
04/27/1998,1.04,1.017,1.062,1.051,0.99,1.005,,,,,
05/04/1998,1.049,1.018,1.065,1.054,0.991,1.003,,,,,
05/11/1998,1.063,1.027,1.075,1.062,0.999,1.012,,,,,
05/18/1998,1.072,1.028,1.078,1.074,0.992,1.002,,,,,
05/25/1998,1.07,1.03,1.084,1.077,0.993,0.998,,,,,
06/01/1998,1.066,1.029,1.083,1.077,0.992,1.001,,,,,
06/08/1998,1.075,1.03,1.084,1.078,0.992,1,,,,,
06/15/1998,1.066,1.025,1.085,1.074,0.985,1.001,,,,,
06/22/1998,1.058,1.022,1.081,1.072,0.982,0.997,,,,,
06/29/1998,1.057,1.021,1.081,1.071,0.981,0.992,,,,,
07/06/1998,1.058,1.016,1.071,1.067,0.977,0.99,,,,,
07/13/1998,1.054,1.019,1.062,1.068,0.983,0.987,,,,,
07/20/1998,1.059,1.016,1.063,1.066,0.98,0.99,,,,,
07/27/1998,1.05,1.01,1.06,1.062,0.971,0.985,,,,,
08/03/1998,1.039,1.004,1.053,1.058,0.965,0.977,,,,,
08/10/1998,1.033,1,1.051,1.055,0.959,0.971,,,,,
08/17/1998,1.026,0.994,1.049,1.049,0.953,0.968,,,,,
08/24/1998,1.019,0.989,1.044,1.043,0.949,0.965,,,,,
08/31/1998,1.013,0.985,1.039,1.038,0.946,0.953,,,,,
09/07/1998,1.007,0.98,1.03,1.034,0.941,0.943,,,,,
09/14/1998,1.002,0.976,1.03,1.031,0.935,0.941,,,,,
09/21/1998,1.014,0.974,1.025,1.03,0.934,0.941,,,,,
09/28/1998,1.014,0.981,1.034,1.034,0.941,0.949,,,,,
10/05/1998,1.019,0.987,1.04,1.039,0.948,0.957,,,,,
10/12/1998,1.022,0.998,1.047,1.047,0.961,0.968,,,,,
10/19/1998,1.019,0.997,1.046,1.044,0.961,0.968,,,,,
10/26/1998,1.015,0.994,1.043,1.044,0.957,0.962,,,,,
11/02/1998,1.01,0.992,1.039,1.038,0.957,0.956,,,,,
11/09/1998,1.008,0.99,1.037,1.038,0.954,0.951,,,,,
11/16/1998,0.996,0.983,1.035,1.034,0.945,0.945,,,,,
11/23/1998,0.989,0.975,1.031,1.023,0.937,0.934,,,,,
11/30/1998,0.974,0.965,1.025,1.014,0.926,0.924,,,,,
12/07/1998,0.954,0.95,1.018,1.001,0.908,0.912,,,,,
12/14/1998,0.945,0.939,1.012,0.989,0.897,0.901,,,,,
12/21/1998,0.944,0.934,1.006,0.984,0.892,0.897,,,,,
12/28/1998,0.937,0.927,1.001,0.979,0.884,0.893,,,,,
01/04/1999,0.935,0.926,0.999,0.974,0.885,0.893,,,,,
01/11/1999,0.941,0.923,0.995,0.971,0.881,0.893,,,,,
01/18/1999,0.944,0.923,0.994,0.972,0.881,0.899,,,,,
01/25/1999,0.936,0.918,0.986,0.965,0.879,0.892,,,,,
02/01/1999,0.929,0.911,0.977,0.957,0.873,0.887,,,,,
02/08/1999,0.927,0.907,0.972,0.949,0.87,0.888,,,,,
02/15/1999,0.919,0.9,0.967,0.942,0.863,0.885,,,,,
02/22/1999,0.907,0.894,0.956,0.934,0.86,0.879,,,,,
03/01/1999,0.913,0.889,0.95,0.93,0.854,0.874,,,,,
03/08/1999,0.921,0.89,0.95,0.929,0.856,0.873,,,,,
03/15/1999,0.977,0.93,0.976,0.958,0.905,0.912,,,,,
03/22/1999,1.017,0.964,1.005,0.987,0.943,0.948,,,,,
03/29/1999,1.082,0.999,1.036,1.025,0.978,0.995,,,,,
04/05/1999,1.118,1.031,1.073,1.055,1.01,1.025,,,,,
04/12/1999,1.14,1.053,1.097,1.082,1.027,1.038,,,,,
04/19/1999,1.135,1.058,1.106,1.096,1.028,1.045,,,,,
04/26/1999,1.131,1.062,1.116,1.101,1.03,1.05,,,,,
05/03/1999,1.136,1.072,1.119,1.109,1.043,1.052,,,,,
05/10/1999,1.14,1.08,1.128,1.123,1.047,1.056,,,,,
05/17/1999,1.14,1.079,1.132,1.124,1.044,1.057,,,,,
05/24/1999,1.126,1.077,1.129,1.124,1.041,1.058,,,,,
05/31/1999,1.111,1.071,1.128,1.119,1.033,1.057,,,,,
06/07/1999,1.112,1.068,1.126,1.117,1.029,1.053,,,,,
06/14/1999,1.108,1.064,1.127,1.117,1.023,1.051,,,,,
06/21/1999,1.124,1.069,1.126,1.117,1.031,1.052,,,,,
06/28/1999,1.113,1.069,1.124,1.119,1.03,1.046,,,,,
07/05/1999,1.125,1.082,1.135,1.124,1.048,1.056,,,,,
07/12/1999,1.143,1.101,1.16,1.148,1.064,1.075,,,,,
07/19/1999,1.169,1.121,1.175,1.168,1.084,1.096,,,,,
07/26/1999,1.193,1.136,1.194,1.182,1.098,1.112,,,,,
08/02/1999,1.195,1.145,1.213,1.195,1.104,1.117,,,,,
08/09/1999,1.206,1.163,1.229,1.215,1.12,1.133,,,,,
08/16/1999,1.236,1.18,1.252,1.234,1.137,1.15,,,,,
08/23/1999,1.234,1.188,1.26,1.242,1.145,1.158,,,,,
08/30/1999,1.233,1.192,1.262,1.247,1.147,1.167,,,,,
09/06/1999,1.242,1.196,1.273,1.253,1.149,1.168,,,,,
09/13/1999,1.25,1.214,1.281,1.265,1.172,1.18,,,,,
09/20/1999,1.268,1.231,1.294,1.284,1.188,1.198,,,,,
09/27/1999,1.262,1.235,1.301,1.293,1.19,1.208,,,,,
10/04/1999,1.255,1.242,1.321,1.304,1.191,1.209,,,,,
10/11/1999,1.249,1.244,1.324,1.306,1.193,1.207,,,,,
10/18/1999,1.236,1.237,1.325,1.304,1.183,1.203,,,,,
10/25/1999,1.237,1.233,1.321,1.298,1.179,1.197,,,,,
11/01/1999,1.23,1.23,1.319,1.294,1.177,1.191,,,,,
11/08/1999,1.233,1.225,1.315,1.289,1.172,1.187,,,,,
11/15/1999,1.251,1.233,1.317,1.291,1.184,1.197,,,,,
11/22/1999,1.269,1.253,1.325,1.301,1.211,1.211,,,,,
11/29/1999,1.274,1.271,1.336,1.322,1.23,1.232,,,,,
12/06/1999,1.273,1.271,1.339,1.323,1.229,1.232,,,,,
12/13/1999,1.275,1.271,1.34,1.322,1.228,1.23,,,,,
12/20/1999,1.269,1.27,1.342,1.323,1.226,1.227,,,,,
12/27/1999,1.273,1.269,1.346,1.325,1.223,1.227,,,,,
01/03/2000,1.272,1.268,1.349,1.326,1.22,1.227,,,,,
01/10/2000,1.264,1.269,1.349,1.318,1.226,1.221,,,,,
01/17/2000,1.277,1.27,1.343,1.318,1.228,1.221,,,,,
01/24/2000,1.315,1.297,1.368,1.341,1.259,1.252,,,,,
01/31/2000,1.316,1.303,1.369,1.346,1.266,1.262,,,,,
02/07/2000,1.325,1.315,1.373,1.352,1.282,1.275,,,,,
02/14/2000,1.356,1.337,1.385,1.364,1.313,1.306,,,,,
02/21/2000,1.406,1.372,1.412,1.394,1.352,1.341,,,,,
02/28/2000,1.421,1.387,1.423,1.405,1.37,1.357,,,,,
03/06/2000,1.501,1.468,1.507,1.494,1.447,1.448,,,,,
03/13/2000,1.527,1.511,1.554,1.542,1.486,1.471,,,,,
03/20/2000,1.529,1.515,1.563,1.547,1.488,1.48,,,,,
03/27/2000,1.508,1.499,1.556,1.541,1.465,1.468,,,,,
04/03/2000,1.503,1.487,1.536,1.532,1.453,1.455,,,,,
04/10/2000,1.475,1.466,1.524,1.516,1.427,1.435,,,,,
04/17/2000,1.444,1.441,1.503,1.493,1.4,1.409,,,,,
04/24/2000,1.437,1.422,1.493,1.48,1.375,1.391,,,,,
05/01/2000,1.42,1.41,1.485,1.469,1.362,1.381,,,,,
05/08/2000,1.455,1.427,1.486,1.473,1.39,1.399,,,,,
05/15/2000,1.492,1.457,1.506,1.487,1.43,1.439,,,,,
05/22/2000,1.527,1.492,1.544,1.517,1.458,1.458,,,,,
05/29/2000,1.54,1.497,1.563,1.529,1.453,1.451,,,,,
06/05/2000,1.563,1.506,1.59,1.558,1.46,1.465,,,1.607,1.474,
06/12/2000,1.631,1.538,1.621,1.588,1.493,1.476,,,1.648,1.476,
06/19/2000,1.681,1.578,1.645,1.623,1.539,1.519,,,1.691,1.518,
06/26/2000,1.658,1.586,1.66,1.638,1.542,1.528,,,1.711,1.526,
07/03/2000,1.625,1.589,1.668,1.648,1.54,1.536,,,1.73,1.532,
07/10/2000,1.593,1.581,1.651,1.646,1.531,1.532,,,1.724,1.533,
07/17/2000,1.546,1.565,1.643,1.639,1.509,1.513,,,1.721,1.515,
07/24/2000,1.52,1.549,1.632,1.625,1.491,1.492,,,1.706,1.491,
07/31/2000,1.471,1.514,1.615,1.599,1.448,1.462,,,1.675,1.462,
08/07/2000,1.462,1.494,1.604,1.584,1.424,1.429,,,1.657,1.422,
08/14/2000,1.447,1.476,1.597,1.566,1.404,1.417,,,1.638,1.41,
08/21/2000,1.468,1.476,1.588,1.56,1.408,1.417,,,1.628,1.416,
08/28/2000,1.481,1.478,1.587,1.558,1.413,1.42,,,1.622,1.418,
09/04/2000,1.53,1.49,1.589,1.562,1.432,1.429,,,1.611,1.425,
09/11/2000,1.561,1.518,1.607,1.586,1.463,1.459,,,1.632,1.456,
09/18/2000,1.562,1.522,1.61,1.584,1.47,1.464,,,1.631,1.457,
09/25/2000,1.548,1.519,1.61,1.583,1.466,1.465,,,1.633,1.456,
10/02/2000,1.524,1.507,1.601,1.568,1.454,1.446,,,1.625,1.435,
10/09/2000,1.502,1.487,1.593,1.553,1.429,1.421,,,1.613,1.404,
10/16/2000,1.539,1.499,1.581,1.564,1.447,1.442,,,1.622,1.424,
10/23/2000,1.551,1.498,1.584,1.561,1.446,1.437,,,1.623,1.427,
10/30/2000,1.545,1.499,1.578,1.568,1.445,1.438,,,1.628,1.431,
11/06/2000,1.526,1.492,1.585,1.565,1.433,1.426,,,1.63,1.418,
11/13/2000,1.523,1.489,1.582,1.558,1.431,1.421,,,1.625,1.414,
11/20/2000,1.51,1.481,1.579,1.553,1.422,1.411,,,1.619,1.402,
11/27/2000,1.51,1.481,1.58,1.551,1.423,1.414,,,1.616,1.407,
12/04/2000,1.486,1.467,1.57,1.542,1.405,1.399,,,1.605,1.39,
12/11/2000,1.449,1.446,1.551,1.528,1.379,1.372,,,1.596,1.36,
12/18/2000,1.422,1.422,1.538,1.509,1.352,1.336,,,1.58,1.333,
12/25/2000,1.414,1.395,1.525,1.487,1.318,1.328,,,1.569,1.314,
01/01/2001,1.406,1.391,1.517,1.48,1.317,1.318,,,1.56,1.307,
01/08/2001,1.425,1.394,1.504,1.471,1.329,1.331,,,1.549,1.321,
01/15/2001,1.474,1.44,1.508,1.48,1.404,1.392,,,1.542,1.38,
01/22/2001,1.471,1.45,1.504,1.482,1.42,1.412,,,1.535,1.408,
01/29/2001,1.46,1.446,1.5,1.477,1.418,1.405,,,1.532,1.399,
02/05/2001,1.443,1.432,1.491,1.472,1.399,1.39,,,1.527,1.38,
02/12/2001,1.476,1.445,1.494,1.478,1.417,1.402,,,1.534,1.391,
02/19/2001,1.449,1.434,1.492,1.471,1.402,1.398,,,1.529,1.385,
02/26/2001,1.431,1.424,1.485,1.462,1.391,1.375,,,1.525,1.361,
03/05/2001,1.417,1.407,1.477,1.445,1.372,1.359,,,1.509,1.329,
03/12/2001,1.412,1.391,1.47,1.438,1.349,1.341,,,1.502,1.317,
03/19/2001,1.404,1.376,1.446,1.429,1.333,1.336,,,1.489,1.312,
03/26/2001,1.404,1.374,1.436,1.415,1.338,1.324,,,1.483,1.317,
04/02/2001,1.442,1.387,1.436,1.426,1.355,1.354,,,1.491,1.352,
04/09/2001,1.5,1.448,1.472,1.465,1.434,1.413,,,1.515,1.415,
04/16/2001,1.571,1.524,1.527,1.532,1.519,1.527,,,1.572,1.525,
04/23/2001,1.619,1.561,1.583,1.587,1.543,1.542,,,1.644,1.549,
04/30/2001,1.626,1.576,1.63,1.633,1.534,1.547,,,1.689,1.559,
05/07/2001,1.703,1.613,1.676,1.669,1.57,1.579,,,1.739,1.592,
05/14/2001,1.713,1.625,1.718,1.699,1.565,1.584,,,1.774,1.601,
05/21/2001,1.687,1.618,1.723,1.697,1.553,1.57,,,1.775,1.579,
05/28/2001,1.704,1.626,1.753,1.716,1.55,1.576,,,1.795,1.588,
06/04/2001,1.679,1.614,1.751,1.708,1.534,1.557,,,1.794,1.571,
06/11/2001,1.647,1.607,1.74,1.693,1.503,1.523,,,1.773,1.537,
06/18/2001,1.601,1.581,1.714,1.67,1.474,1.496,,,1.742,1.515,
06/25/2001,1.538,1.547,1.689,1.639,1.436,1.451,,,1.712,1.469,
07/02/2001,1.474,1.497,1.649,1.6,1.374,1.389,,,1.676,1.401,
07/09/2001,1.437,1.461,1.616,1.576,1.329,1.324,,,1.647,1.331,
07/16/2001,1.413,1.425,1.576,1.545,1.289,1.29,,,1.62,1.294,
07/23/2001,1.395,1.396,1.535,1.515,1.266,1.271,,,1.587,1.277,
07/30/2001,1.384,1.374,1.497,1.487,1.252,1.263,,,1.561,1.268,
08/06/2001,1.376,1.362,1.473,1.461,1.255,1.264,,,1.537,1.265,
08/13/2001,1.392,1.37,1.459,1.455,1.278,1.278,,,1.526,1.276,
08/20/2001,1.427,1.38,1.455,1.451,1.304,1.308,,,1.517,1.308,
08/27/2001,1.488,1.378,1.446,1.446,1.307,1.329,,,1.507,1.321,
09/03/2001,1.545,1.407,1.45,1.451,1.362,1.38,,,1.512,1.369,
09/10/2001,1.527,1.405,1.446,1.45,1.358,1.384,,,1.511,1.38,
09/17/2001,1.529,1.415,1.451,1.447,1.381,1.394,,,1.514,1.397,
09/24/2001,1.485,1.398,1.446,1.431,1.359,1.369,,,1.511,1.368,
10/01/2001,1.416,1.357,1.419,1.399,1.306,1.318,,,1.478,1.313,
10/08/2001,1.352,1.312,1.391,1.363,1.25,1.27,,,1.451,1.265,
10/15/2001,1.309,1.276,1.372,1.328,1.209,1.236,,,1.418,1.231,
10/22/2001,1.265,1.238,1.336,1.298,1.163,1.179,,,1.387,1.17,
10/29/2001,1.235,1.205,1.3,1.265,1.132,1.15,,,1.36,1.148,
11/05/2001,1.206,1.172,1.262,1.235,1.098,1.115,,,1.328,1.112,
11/12/2001,1.182,1.149,1.238,1.209,1.077,1.088,,,1.305,1.082,
11/19/2001,1.167,1.123,1.208,1.178,1.057,1.077,,,1.273,1.068,
11/26/2001,1.127,1.094,1.179,1.155,1.023,1.044,,,1.251,1.035,
12/03/2001,1.108,1.072,1.144,1.13,1.007,1.029,,,1.222,1.022,
12/10/2001,1.095,1.063,1.125,1.112,1.007,1.018,,,1.199,1.011,
12/17/2001,1.059,1.049,1.112,1.097,0.995,1.006,,,1.181,0.998,
12/24/2001,1.072,1.054,1.109,1.1,1.003,1.004,,,1.165,0.996,
12/31/2001,1.096,1.07,1.113,1.1,1.034,1.036,,,1.167,1.025,
01/07/2002,1.112,1.09,1.132,1.117,1.057,1.055,,,1.186,1.042,
01/14/2002,1.111,1.108,1.154,1.141,1.069,1.061,,,1.21,1.05,
01/21/2002,1.105,1.097,1.155,1.136,1.05,1.049,,,1.213,1.039,
01/28/2002,1.101,1.09,1.153,1.13,1.042,1.046,,,1.212,1.033,
02/04/2002,1.116,1.09,1.15,1.126,1.045,1.044,,,1.207,1.034,
02/11/2002,1.107,1.093,1.149,1.131,1.048,1.045,,,1.205,1.037,
02/18/2002,1.116,1.094,1.155,1.13,1.049,1.058,,,1.201,1.053,
02/25/2002,1.116,1.095,1.157,1.136,1.046,1.058,,,1.203,1.056,
03/04/2002,1.144,1.101,1.161,1.139,1.055,1.07,,,1.207,1.061,
03/11/2002,1.223,1.167,1.205,1.188,1.14,1.166,,,1.245,1.164,
03/18/2002,1.288,1.24,1.273,1.258,1.216,1.219,,,1.315,1.221,
03/25/2002,1.342,1.298,1.331,1.314,1.276,1.275,,,1.378,1.279,
04/01/2002,1.371,1.332,1.362,1.352,1.308,1.294,,,1.419,1.3,
04/08/2002,1.413,1.373,1.389,1.389,1.357,1.338,,,1.454,1.339,
04/15/2002,1.404,1.384,1.409,1.407,1.358,1.345,,,1.486,1.349,
04/22/2002,1.404,1.384,1.419,1.415,1.35,1.343,,,1.5,1.341,
04/29/2002,1.393,1.379,1.419,1.415,1.341,1.334,,,1.498,1.337,
05/06/2002,1.395,1.379,1.422,1.416,1.339,1.329,,,1.494,1.336,
05/13/2002,1.388,1.373,1.418,1.415,1.327,1.323,,,1.503,1.331,
05/20/2002,1.397,1.369,1.419,1.41,1.323,1.322,,,1.496,1.329,
05/27/2002,1.387,1.365,1.417,1.408,1.316,1.318,,,1.493,1.325,
06/03/2002,1.392,1.358,1.411,1.403,1.309,1.314,,,1.488,1.327,
06/10/2002,1.375,1.353,1.407,1.402,1.3,1.305,,,1.482,1.312,
06/17/2002,1.378,1.342,1.402,1.393,1.286,1.296,,,1.477,1.303,
06/24/2002,1.384,1.344,1.394,1.392,1.293,1.291,,,1.473,1.295,
07/01/2002,1.392,1.34,1.386,1.388,1.291,1.292,,,1.467,1.293,
07/08/2002,1.382,1.339,1.384,1.387,1.29,1.288,,,1.464,1.289,
07/15/2002,1.394,1.342,1.396,1.389,1.292,1.3,,,1.466,1.294,
07/22/2002,1.41,1.37,1.418,1.42,1.319,1.315,,,1.493,1.317,
07/29/2002,1.407,1.371,1.429,1.419,1.317,1.31,,,1.5,1.311,
08/05/2002,1.395,1.374,1.439,1.428,1.313,1.312,,,1.513,1.318,
08/12/2002,1.393,1.373,1.439,1.427,1.313,1.304,,,1.516,1.307,
08/19/2002,1.392,1.367,1.441,1.425,1.302,1.309,,,1.514,1.308,
08/26/2002,1.403,1.37,1.445,1.431,1.303,1.31,,,1.519,1.313,
09/02/2002,1.394,1.37,1.444,1.43,1.302,1.309,,,1.519,1.313,
09/09/2002,1.395,1.367,1.442,1.429,1.299,1.309,,,1.517,1.311,
09/16/2002,1.401,1.373,1.441,1.433,1.307,1.318,,,1.518,1.319,
09/23/2002,1.395,1.376,1.442,1.434,1.314,1.324,,,1.52,1.328,
09/30/2002,1.413,1.396,1.448,1.443,1.345,1.345,,,1.529,1.348,
10/07/2002,1.439,1.415,1.453,1.449,1.379,1.368,,,1.536,1.373,
10/14/2002,1.44,1.414,1.454,1.45,1.375,1.376,,,1.535,1.383,
10/21/2002,1.458,1.431,1.457,1.457,1.404,1.404,,,1.541,1.406,
10/28/2002,1.444,1.428,1.466,1.457,1.395,1.4,,,1.546,1.398,
11/04/2002,1.448,1.426,1.467,1.462,1.387,1.389,,,1.549,1.385,
11/11/2002,1.439,1.429,1.489,1.477,1.374,1.377,,,1.565,1.367,
11/18/2002,1.409,1.412,1.491,1.46,1.352,1.353,,,1.556,1.339,
11/25/2002,1.38,1.398,1.482,1.455,1.329,1.333,,,1.553,1.317,
12/02/2002,1.364,1.389,1.483,1.452,1.314,1.323,,,1.556,1.306,
12/09/2002,1.36,1.379,1.477,1.449,1.297,1.313,,,1.553,1.298,
12/16/2002,1.363,1.375,1.472,1.443,1.295,1.305,,,1.546,1.29,
12/23/2002,1.401,1.409,1.474,1.47,1.344,1.34,,,1.56,1.333,
12/30/2002,1.441,1.448,1.501,1.499,1.394,1.389,,,1.584,1.385,
01/06/2003,1.444,1.46,1.512,1.512,1.406,1.401,,,1.602,1.404,
01/13/2003,1.454,1.46,1.516,1.511,1.406,1.399,,,1.604,1.399,
01/20/2003,1.459,1.462,1.516,1.51,1.409,1.407,,,1.6,1.407,
01/27/2003,1.473,1.466,1.517,1.516,1.413,1.414,,,1.603,1.419,
02/03/2003,1.527,1.516,1.553,1.555,1.476,1.472,,,1.636,1.475,
02/10/2003,1.607,1.597,1.634,1.627,1.563,1.556,,,1.712,1.56,
02/17/2003,1.66,1.63,1.679,1.656,1.595,1.581,,,1.748,1.581,
02/24/2003,1.658,1.627,1.676,1.661,1.587,1.582,,,1.757,1.576,
03/03/2003,1.686,1.628,1.675,1.665,1.587,1.579,,,1.755,1.572,
03/10/2003,1.712,1.642,1.68,1.676,1.606,1.592,,,1.765,1.586,
03/17/2003,1.728,1.66,1.699,1.69,1.627,1.612,,,1.781,1.609,
03/24/2003,1.69,1.639,1.682,1.679,1.595,1.589,,,1.775,1.592,
03/31/2003,1.649,1.61,1.661,1.659,1.557,1.559,,,1.759,1.562,
04/07/2003,1.63,1.587,1.647,1.64,1.529,1.528,,,1.743,1.527,
04/14/2003,1.595,1.561,1.628,1.62,1.497,1.488,,,1.726,1.488,
04/21/2003,1.574,1.535,1.605,1.601,1.465,1.46,,,1.709,1.454,
04/28/2003,1.557,1.518,1.59,1.584,1.447,1.437,,,1.692,1.434,
05/05/2003,1.513,1.49,1.569,1.562,1.413,1.403,,,1.665,1.396,
05/12/2003,1.491,1.46,1.538,1.532,1.382,1.373,,,1.64,1.364,
05/19/2003,1.498,1.45,1.524,1.517,1.377,1.369,,,1.618,1.365,
05/26/2003,1.487,1.442,1.509,1.507,1.373,1.369,1.439,1.498,1.595,1.364,
06/02/2003,1.473,1.437,1.504,1.494,1.374,1.364,1.443,1.49,1.577,1.358,
06/09/2003,1.49,1.442,1.5,1.489,1.389,1.378,1.449,1.477,1.562,1.371,
06/16/2003,1.518,1.463,1.511,1.493,1.427,1.403,1.478,1.495,1.559,1.394,
06/23/2003,1.496,1.454,1.507,1.483,1.417,1.396,1.468,1.488,1.547,1.387,
06/30/2003,1.487,1.444,1.501,1.474,1.405,1.383,1.454,1.48,1.542,1.372,
07/07/2003,1.489,1.446,1.503,1.473,1.41,1.388,1.464,1.482,1.55,1.381,
07/14/2003,1.521,1.491,1.522,1.505,1.471,1.434,1.515,1.505,1.578,1.424,
07/21/2003,1.524,1.501,1.536,1.522,1.475,1.447,1.527,1.519,1.595,1.438,
07/28/2003,1.516,1.498,1.535,1.519,1.472,1.441,1.52,1.518,1.6,1.433,
08/04/2003,1.536,1.501,1.545,1.519,1.475,1.447,1.53,1.533,1.598,1.442,
08/11/2003,1.571,1.537,1.572,1.547,1.52,1.486,1.571,1.559,1.622,1.474,
08/18/2003,1.627,1.575,1.602,1.586,1.559,1.519,1.61,1.585,1.665,1.504,
08/25/2003,1.747,1.689,1.759,1.727,1.639,1.6,1.688,1.757,1.83,1.581,
09/01/2003,1.746,1.71,1.808,1.776,1.631,1.592,1.682,1.806,1.881,1.577,
09/08/2003,1.717,1.69,1.792,1.767,1.602,1.569,1.648,1.791,1.866,1.55,
09/15/2003,1.697,1.666,1.777,1.743,1.576,1.537,1.628,1.78,1.851,1.515,
09/22/2003,1.643,1.636,1.75,1.715,1.543,1.499,1.6,1.76,1.826,1.475,
09/29/2003,1.591,1.608,1.727,1.694,1.507,1.455,1.566,1.729,1.801,1.432,
10/06/2003,1.573,1.586,1.703,1.68,1.482,1.426,1.539,1.706,1.782,1.407,
10/13/2003,1.568,1.572,1.687,1.661,1.471,1.43,1.523,1.692,1.759,1.412,
10/20/2003,1.571,1.565,1.673,1.651,1.468,1.43,1.519,1.672,1.752,1.416,
10/27/2003,1.542,1.545,1.645,1.629,1.452,1.414,1.501,1.637,1.722,1.401,
11/03/2003,1.535,1.531,1.617,1.613,1.443,1.406,1.49,1.603,1.711,1.393,
11/10/2003,1.504,1.511,1.589,1.591,1.427,1.39,1.476,1.566,1.689,1.374,
11/17/2003,1.497,1.501,1.564,1.576,1.426,1.391,1.472,1.529,1.669,1.38,
11/24/2003,1.512,1.506,1.564,1.568,1.442,1.404,1.489,1.531,1.662,1.398,
12/01/2003,1.49,1.498,1.557,1.561,1.432,1.398,1.48,1.521,1.657,1.388,
12/08/2003,1.476,1.484,1.541,1.551,1.417,1.387,1.469,1.503,1.647,1.375,
12/15/2003,1.465,1.479,1.535,1.542,1.416,1.382,1.468,1.494,1.637,1.37,
12/22/2003,1.485,1.491,1.543,1.541,1.437,1.405,1.49,1.507,1.64,1.396,
12/29/2003,1.478,1.492,1.541,1.54,1.442,1.408,1.494,1.505,1.638,1.393,
01/05/2004,1.51,1.511,1.551,1.549,1.471,1.436,1.531,1.516,1.643,1.423,
01/12/2004,1.56,1.571,1.597,1.586,1.551,1.488,1.617,1.561,1.677,1.475,
01/19/2004,1.595,1.605,1.629,1.629,1.58,1.53,1.633,1.594,1.726,1.516,
01/26/2004,1.622,1.629,1.663,1.655,1.599,1.543,1.643,1.637,1.759,1.528,
02/02/2004,1.616,1.633,1.668,1.666,1.598,1.547,1.648,1.644,1.776,1.533,
02/09/2004,1.638,1.634,1.666,1.666,1.601,1.55,1.649,1.644,1.774,1.536,
02/16/2004,1.648,1.639,1.668,1.668,1.607,1.553,1.66,1.645,1.779,1.538,
02/23/2004,1.688,1.656,1.689,1.689,1.622,1.57,1.674,1.665,1.793,1.558,
03/01/2004,1.717,1.676,1.707,1.713,1.638,1.582,1.693,1.681,1.827,1.567,
03/08/2004,1.738,1.705,1.729,1.739,1.673,1.613,1.741,1.702,1.859,1.595,
03/15/2004,1.724,1.703,1.729,1.736,1.671,1.61,1.743,1.705,1.855,1.589,
03/22/2004,1.743,1.72,1.739,1.751,1.692,1.629,1.765,1.714,1.866,1.61,
03/29/2004,1.758,1.729,1.745,1.758,1.703,1.641,1.771,1.726,1.872,1.626,
04/05/2004,1.78,1.743,1.745,1.763,1.727,1.671,1.799,1.73,1.874,1.651,
04/12/2004,1.786,1.74,1.736,1.76,1.727,1.663,1.794,1.713,1.863,1.647,
04/19/2004,1.813,1.757,1.757,1.773,1.745,1.7,1.809,1.739,1.879,1.681,
04/26/2004,1.812,1.764,1.769,1.785,1.746,1.695,1.815,1.749,1.889,1.675,
05/03/2004,1.844,1.797,1.802,1.823,1.775,1.728,1.835,1.783,1.911,1.709,
05/10/2004,1.941,1.893,1.923,1.931,1.856,1.818,1.908,1.907,2.025,1.804,
05/17/2004,2.017,1.981,2.028,2.02,1.938,1.885,1.982,2.015,2.12,1.868,
05/24/2004,2.064,2.033,2.081,2.084,1.981,1.932,2.02,2.066,2.169,1.919,
05/31/2004,2.051,2.04,2.107,2.099,1.976,1.925,2.021,2.102,2.189,1.914,
06/07/2004,2.034,2.026,2.109,2.082,1.959,1.91,2.019,2.107,2.186,1.903,
06/14/2004,1.985,1.999,2.088,2.06,1.928,1.882,1.995,2.088,2.174,1.871,
06/21/2004,1.937,1.963,2.051,2.028,1.888,1.838,1.966,2.051,2.151,1.83,
06/28/2004,1.921,1.939,2.013,2,1.871,1.809,1.949,2.01,2.12,1.799,
07/05/2004,1.895,1.907,1.98,1.972,1.837,1.784,1.913,1.968,2.097,1.773,
07/12/2004,1.917,1.911,1.961,1.963,1.857,1.805,1.919,1.95,2.078,1.795,
07/19/2004,1.928,1.921,1.955,1.97,1.873,1.818,1.934,1.939,2.072,1.806,
07/26/2004,1.905,1.909,1.94,1.956,1.865,1.806,1.923,1.912,2.06,1.793,
08/02/2004,1.888,1.884,1.933,1.943,1.825,1.79,1.836,1.911,2.043,1.777,
08/09/2004,1.877,1.869,1.922,1.927,1.811,1.781,1.821,1.899,2.021,1.767,
08/16/2004,1.875,1.864,1.92,1.918,1.806,1.783,1.807,1.895,2.012,1.774,
08/23/2004,1.884,1.871,1.931,1.926,1.812,1.802,1.811,1.908,2.017,1.785,
08/30/2004,1.866,1.858,1.917,1.91,1.802,1.78,1.806,1.892,1.999,1.768,
09/06/2004,1.85,1.849,1.897,1.89,1.804,1.754,1.855,1.88,1.982,1.744,
09/13/2004,1.846,1.839,1.882,1.879,1.796,1.744,1.854,1.861,1.972,1.733,
09/20/2004,1.866,1.849,1.876,1.887,1.812,1.757,1.868,1.856,1.973,1.746,
09/27/2004,1.917,1.898,1.921,1.923,1.872,1.824,1.922,1.9,2.005,1.813,
10/04/2004,1.938,1.921,1.951,1.951,1.89,1.838,1.937,1.926,2.039,1.825,
10/11/2004,1.993,1.965,1.988,1.998,1.934,1.885,1.982,1.958,2.099,1.867,
10/18/2004,2.035,2.008,2.041,2.045,1.971,1.913,2.019,2.018,2.151,1.896,
10/25/2004,2.032,2.016,2.049,2.051,1.98,1.916,2.04,2.016,2.156,1.899,
11/01/2004,2.034,2.016,2.048,2.051,1.98,1.918,2.041,2.018,2.153,1.898,
11/08/2004,2.001,1.997,2.031,2.028,1.963,1.899,2.036,2.007,2.136,1.877,
11/15/2004,1.969,1.973,2.015,2.011,1.933,1.87,2.016,1.993,2.116,1.851,
11/22/2004,1.948,1.949,1.987,1.987,1.909,1.844,1.992,1.967,2.097,1.825,
11/29/2004,1.945,1.942,1.976,1.979,1.904,1.841,1.986,1.956,2.09,1.821,
12/06/2004,1.911,1.924,1.953,1.962,1.888,1.812,1.966,1.934,2.087,1.786,
12/13/2004,1.847,1.881,1.909,1.923,1.842,1.761,1.937,1.891,2.049,1.739,
12/20/2004,1.815,1.846,1.879,1.892,1.802,1.718,1.899,1.858,2.015,1.691,
12/27/2004,1.791,1.827,1.856,1.878,1.78,1.701,1.889,1.839,2.001,1.677,
01/03/2005,1.778,1.804,1.828,1.859,1.756,1.671,1.857,1.817,1.976,1.65,
01/10/2005,1.793,1.807,1.814,1.847,1.775,1.699,1.845,1.793,1.954,1.681,
01/17/2005,1.819,1.833,1.828,1.862,1.813,1.746,1.869,1.802,1.937,1.73,
01/24/2005,1.853,1.86,1.86,1.881,1.843,1.789,1.903,1.827,1.961,1.781,
01/31/2005,1.911,1.911,1.93,1.931,1.89,1.842,1.941,1.898,2.007,1.833,
02/07/2005,1.909,1.912,1.938,1.935,1.888,1.833,1.944,1.905,2.017,1.821,
02/14/2005,1.898,1.898,1.928,1.925,1.869,1.813,1.932,1.892,2.008,1.799,
02/21/2005,1.905,1.887,1.914,1.911,1.861,1.807,1.922,1.883,1.998,1.789,
02/28/2005,1.928,1.889,1.908,1.905,1.871,1.824,1.924,1.871,1.984,1.802,
03/07/2005,1.999,1.952,1.973,1.958,1.941,1.9,1.993,1.944,2.025,1.88,
03/14/2005,2.056,2.016,2.008,2.015,2.019,1.968,2.082,1.965,2.1,1.947,
03/21/2005,2.109,2.07,2.05,2.065,2.08,2.022,2.134,2.005,2.156,1.996,
03/28/2005,2.153,2.12,2.097,2.108,2.137,2.079,2.19,2.044,2.192,2.054,
04/04/2005,2.217,2.185,2.158,2.17,2.205,2.141,2.242,2.107,2.237,2.115,
04/11/2005,2.28,2.233,2.212,2.222,2.248,2.184,2.296,2.172,2.311,2.157,
04/18/2005,2.237,2.206,2.192,2.197,2.216,2.159,2.277,2.152,2.304,2.131,
04/25/2005,2.236,2.203,2.212,2.209,2.197,2.141,2.263,2.187,2.309,2.119,
05/02/2005,2.235,2.211,2.226,2.223,2.198,2.133,2.253,2.202,2.332,2.115,
05/09/2005,2.186,2.18,2.203,2.196,2.161,2.095,2.228,2.185,2.319,2.081,
05/16/2005,2.163,2.15,2.181,2.168,2.127,2.063,2.189,2.169,2.301,2.05,
05/23/2005,2.125,2.118,2.154,2.147,2.085,2.022,2.156,2.138,2.281,2.012,
05/30/2005,2.097,2.094,2.121,2.125,2.062,1.996,2.126,2.101,2.257,1.985,
06/06/2005,2.116,2.107,2.131,2.139,2.076,2.028,2.13,2.109,2.244,2.029,
06/13/2005,2.13,2.125,2.153,2.15,2.097,2.044,2.138,2.135,2.242,2.034,
06/20/2005,2.161,2.155,2.199,2.186,2.118,2.078,2.161,2.187,2.277,2.075,
06/27/2005,2.215,2.199,2.236,2.228,2.166,2.115,2.224,2.217,2.314,2.107,
07/04/2005,2.226,2.214,2.273,2.243,2.174,2.117,2.221,2.252,2.317,2.108,
07/11/2005,2.328,2.311,2.384,2.343,2.265,2.235,2.29,2.39,2.433,2.225,
07/18/2005,2.317,2.316,2.389,2.36,2.261,2.225,2.301,2.386,2.438,2.218,
07/25/2005,2.289,2.306,2.375,2.361,2.244,2.207,2.288,2.371,2.459,2.203,
08/01/2005,2.291,2.299,2.37,2.35,2.24,2.182,2.288,2.372,2.447,2.174,
08/08/2005,2.368,2.349,2.396,2.392,2.303,2.282,2.338,2.397,2.477,2.284,
08/15/2005,2.55,2.546,2.554,2.556,2.536,2.488,2.537,2.551,2.615,2.49,
08/22/2005,2.612,2.601,2.602,2.618,2.588,2.554,2.625,2.607,2.666,2.557,
08/29/2005,2.61,2.591,2.601,2.611,2.574,2.529,2.622,2.604,2.67,2.53,
09/05/2005,3.069,3.197,3.226,3.292,3.118,2.914,3.012,3.219,3.369,2.957,
09/12/2005,2.955,3.057,3.114,3.174,2.951,2.81,2.942,3.121,3.3,2.843,
09/19/2005,2.786,2.857,2.912,2.944,2.776,2.656,2.777,2.945,3.02,2.672,
09/26/2005,2.803,2.849,2.858,2.884,2.819,2.724,2.795,2.878,2.942,2.738,
10/03/2005,2.928,2.958,2.877,2.903,3.024,2.91,2.984,2.883,2.94,2.899,
10/10/2005,2.848,2.883,2.795,2.841,2.941,2.852,2.921,2.794,2.898,2.833,
10/17/2005,2.725,2.766,2.689,2.745,2.804,2.726,2.833,2.685,2.853,2.703,
10/24/2005,2.603,2.635,2.574,2.619,2.666,2.599,2.733,2.558,2.784,2.556,
10/31/2005,2.48,2.505,2.449,2.497,2.528,2.455,2.655,2.445,2.676,2.404,
11/07/2005,2.376,2.396,2.345,2.396,2.412,2.334,2.544,2.337,2.571,2.294,
11/14/2005,2.296,2.295,2.242,2.316,2.294,2.247,2.405,2.218,2.487,2.2,
11/21/2005,2.201,2.206,2.153,2.246,2.191,2.154,2.3,2.11,2.408,2.101,
11/28/2005,2.154,2.152,2.107,2.197,2.131,2.098,2.236,2.049,2.35,2.056,
12/05/2005,2.147,2.125,2.111,2.171,2.094,2.077,2.187,2.055,2.314,2.047,
12/12/2005,2.185,2.181,2.171,2.217,2.157,2.144,2.214,2.128,2.343,2.136,
12/19/2005,2.211,2.225,2.229,2.258,2.198,2.166,2.241,2.188,2.366,2.159,
12/26/2005,2.197,2.221,2.224,2.269,2.185,2.146,2.228,2.181,2.391,2.14,
01/02/2006,2.238,2.264,2.272,2.313,2.225,2.187,2.27,2.231,2.444,2.175,
01/09/2006,2.327,2.37,2.377,2.407,2.341,2.272,2.367,2.334,2.543,2.274,
01/16/2006,2.32,2.381,2.397,2.422,2.345,2.267,2.381,2.351,2.566,2.261,
01/23/2006,2.336,2.395,2.414,2.452,2.347,2.281,2.4,2.369,2.593,2.273,
01/30/2006,2.357,2.394,2.406,2.444,2.353,2.276,2.393,2.369,2.586,2.259,
02/06/2006,2.342,2.376,2.38,2.42,2.341,2.264,2.384,2.34,2.56,2.245,
02/13/2006,2.284,2.322,2.323,2.373,2.284,2.211,2.341,2.288,2.515,2.189,
02/20/2006,2.24,2.256,2.253,2.304,2.221,2.167,2.281,2.216,2.44,2.137,
02/27/2006,2.254,2.235,2.218,2.288,2.201,2.152,2.261,2.174,2.407,2.124,
03/06/2006,2.331,2.287,2.267,2.309,2.278,2.245,2.311,2.212,2.437,2.222,
03/13/2006,2.366,2.333,2.298,2.337,2.341,2.292,2.379,2.248,2.446,2.283,
03/20/2006,2.504,2.497,2.452,2.484,2.521,2.476,2.571,2.398,2.596,2.463,
03/27/2006,2.498,2.496,2.464,2.497,2.504,2.457,2.571,2.412,2.614,2.442,
04/03/2006,2.588,2.581,2.569,2.589,2.579,2.571,2.633,2.517,2.716,2.566,
04/10/2006,2.683,2.689,2.657,2.671,2.713,2.694,2.757,2.604,2.804,2.695,
04/17/2006,2.783,2.801,2.756,2.804,2.813,2.783,2.847,2.704,2.921,2.787,
04/24/2006,2.914,2.942,2.923,2.971,2.926,2.881,2.953,2.881,3.077,2.886,
05/01/2006,2.919,2.94,2.93,2.985,2.91,2.856,2.937,2.9,3.089,2.862,
05/08/2006,2.909,2.91,2.923,2.971,2.861,2.814,2.893,2.889,3.086,2.826,
05/15/2006,2.947,2.934,3.005,3.001,2.862,2.832,2.879,3,3.101,2.856,
05/22/2006,2.892,2.893,2.968,2.979,2.805,2.783,2.842,2.98,3.086,2.8,
05/29/2006,2.867,2.859,2.937,2.95,2.769,2.737,2.804,2.93,3.069,2.747,
06/05/2006,2.892,2.874,2.969,2.945,2.793,2.764,2.803,2.974,3.041,2.777,
06/12/2006,2.906,2.901,2.987,2.957,2.833,2.805,2.844,2.993,3.045,2.815,
06/19/2006,2.871,2.873,2.97,2.93,2.801,2.775,2.825,2.978,3.016,2.782,
06/26/2006,2.869,2.854,2.947,2.913,2.782,2.758,2.815,2.952,2.992,2.758,
07/03/2006,2.934,2.924,2.975,2.984,2.863,2.825,2.872,2.971,3.056,2.826,
07/10/2006,2.973,2.962,3.026,3.02,2.9,2.85,2.916,3.018,3.099,2.851,
07/17/2006,2.989,2.98,3.038,3.032,2.923,2.863,2.931,3.018,3.115,2.865,
07/24/2006,3.003,3.004,3.054,3.047,2.957,2.894,2.959,3.031,3.133,2.888,
07/31/2006,3.004,3.013,3.072,3.053,2.966,2.906,2.98,3.04,3.151,2.897,
08/07/2006,3.038,3.033,3.084,3.068,2.991,2.938,3.001,3.042,3.161,2.925,
08/14/2006,3,3.008,3.063,3.052,2.958,2.885,2.986,3.019,3.161,2.87,
08/21/2006,2.924,2.933,3.002,2.984,2.874,2.819,2.933,2.96,3.103,2.8,
08/28/2006,2.845,2.857,2.923,2.902,2.804,2.736,2.869,2.885,3.028,2.708,
09/04/2006,2.727,2.753,2.807,2.805,2.698,2.623,2.796,2.761,2.939,2.574,
09/11/2006,2.618,2.654,2.717,2.708,2.596,2.508,2.718,2.677,2.845,2.458,
09/18/2006,2.497,2.528,2.59,2.599,2.457,2.386,2.588,2.548,2.745,2.339,
09/25/2006,2.378,2.384,2.466,2.456,2.305,2.269,2.445,2.426,2.615,2.229,
10/02/2006,2.31,2.304,2.367,2.368,2.237,2.186,2.331,2.301,2.526,2.16,
10/09/2006,2.261,2.241,2.288,2.303,2.181,2.143,2.265,2.222,2.465,2.122,
10/16/2006,2.226,2.207,2.242,2.258,2.159,2.113,2.228,2.182,2.414,2.095,
10/23/2006,2.208,2.179,2.211,2.223,2.136,2.091,2.196,2.156,2.375,2.072,
10/30/2006,2.218,2.185,2.207,2.222,2.152,2.102,2.213,2.155,2.359,2.081,
11/06/2006,2.2,2.17,2.188,2.201,2.141,2.08,2.198,2.139,2.336,2.072,
11/13/2006,2.232,2.198,2.207,2.22,2.178,2.109,2.237,2.155,2.345,2.092,
11/20/2006,2.239,2.208,2.221,2.236,2.183,2.114,2.24,2.172,2.355,2.104,
11/27/2006,2.246,2.227,2.249,2.263,2.194,2.121,2.248,2.204,2.387,2.11,
12/04/2006,2.297,2.293,2.314,2.324,2.264,2.182,2.298,2.265,2.448,2.166,
12/11/2006,2.293,2.303,2.318,2.343,2.268,2.198,2.311,2.269,2.457,2.19,
12/18/2006,2.32,2.318,2.356,2.368,2.269,2.197,2.315,2.303,2.497,2.19,
12/25/2006,2.341,2.352,2.4,2.406,2.297,2.213,2.341,2.344,2.529,2.205,
01/01/2007,2.334,2.345,2.392,2.403,2.288,2.2,2.342,2.336,2.528,2.193,
01/08/2007,2.306,2.319,2.367,2.379,2.259,2.171,2.327,2.323,2.502,2.154,
01/15/2007,2.229,2.262,2.314,2.328,2.197,2.111,2.278,2.266,2.47,2.096,
01/22/2007,2.165,2.203,2.246,2.274,2.137,2.054,2.221,2.2,2.421,2.043,
01/29/2007,2.165,2.165,2.214,2.231,2.101,2.017,2.18,2.171,2.385,2.014,
02/05/2007,2.191,2.166,2.195,2.21,2.125,2.045,2.184,2.139,2.36,2.04,
02/12/2007,2.241,2.189,2.213,2.229,2.151,2.091,2.207,2.16,2.365,2.082,
02/19/2007,2.296,2.244,2.258,2.278,2.214,2.131,2.26,2.207,2.4,2.124,
02/26/2007,2.383,2.337,2.358,2.363,2.311,2.234,2.353,2.312,2.478,2.223,
03/05/2007,2.505,2.491,2.515,2.526,2.458,2.367,2.521,2.446,2.667,2.35,
03/12/2007,2.559,2.533,2.567,2.578,2.489,2.402,2.556,2.496,2.712,2.387,
03/19/2007,2.577,2.548,2.584,2.602,2.498,2.408,2.562,2.518,2.75,2.398,
03/26/2007,2.61,2.575,2.612,2.635,2.518,2.442,2.591,2.547,2.787,2.432,
04/02/2007,2.707,2.671,2.707,2.731,2.616,2.565,2.672,2.638,2.88,2.563,
04/09/2007,2.802,2.755,2.751,2.78,2.738,2.675,2.789,2.689,2.926,2.671,
04/16/2007,2.876,2.839,2.818,2.844,2.841,2.763,2.884,2.745,2.993,2.751,
04/23/2007,2.869,2.835,2.825,2.849,2.827,2.755,2.885,2.757,2.997,2.745,
04/30/2007,2.971,2.917,2.931,2.92,2.91,2.853,2.949,2.865,3.062,2.844,
05/07/2007,3.054,2.958,2.997,2.976,2.932,2.87,2.968,2.938,3.114,2.86,
05/14/2007,3.103,2.981,3.029,3.011,2.945,2.915,2.968,2.967,3.134,2.904,
05/21/2007,3.218,3.097,3.092,3.082,3.109,3.092,3.101,3.024,3.191,3.066,
05/28/2007,3.209,3.098,3.113,3.109,3.086,3.067,3.102,3.043,3.213,3.049,
06/04/2007,3.157,3.068,3.099,3.096,3.038,3.02,3.071,3.03,3.203,2.998,
06/11/2007,3.076,3.022,3.071,3.053,2.985,2.962,3.014,3.006,3.187,2.947,
06/18/2007,3.009,2.976,3.02,3.014,2.934,2.903,2.958,2.954,3.161,2.894,
06/25/2007,2.982,2.946,2.999,2.986,2.899,2.88,2.92,2.928,3.133,2.871,
07/02/2007,2.959,2.925,2.988,2.966,2.876,2.851,2.892,2.909,3.121,2.841,
07/09/2007,2.981,2.924,2.986,2.957,2.881,2.858,2.9,2.904,3.113,2.848,
07/16/2007,3.049,2.972,3.003,2.98,2.958,2.921,2.966,2.913,3.115,2.917,
07/23/2007,2.958,2.924,2.968,2.942,2.897,2.867,2.92,2.876,3.089,2.864,
07/30/2007,2.876,2.87,2.932,2.895,2.832,2.792,2.864,2.86,3.04,2.793,
08/06/2007,2.838,2.821,2.888,2.848,2.78,2.748,2.811,2.817,2.995,2.752,
08/13/2007,2.771,2.751,2.826,2.793,2.698,2.681,2.743,2.753,2.953,2.683,
08/20/2007,2.785,2.732,2.785,2.764,2.691,2.681,2.713,2.711,2.923,2.678,
08/27/2007,2.749,2.696,2.73,2.722,2.667,2.652,2.688,2.647,2.878,2.656,
09/03/2007,2.796,2.709,2.727,2.72,2.694,2.657,2.713,2.644,2.861,2.643,
09/10/2007,2.818,2.73,2.722,2.724,2.737,2.693,2.772,2.637,2.858,2.683,
09/17/2007,2.787,2.732,2.721,2.727,2.739,2.679,2.784,2.63,2.863,2.669,
09/24/2007,2.812,2.769,2.739,2.756,2.787,2.705,2.832,2.641,2.892,2.692,
10/01/2007,2.788,2.766,2.741,2.758,2.78,2.7,2.833,2.652,2.892,2.688,
10/08/2007,2.77,2.746,2.731,2.743,2.753,2.667,2.805,2.64,2.877,2.652,
10/15/2007,2.762,2.731,2.724,2.739,2.726,2.642,2.785,2.632,2.873,2.631,
10/22/2007,2.823,2.788,2.774,2.796,2.786,2.703,2.83,2.683,2.916,2.693,
10/29/2007,2.872,2.833,2.832,2.841,2.827,2.735,2.876,2.754,2.978,2.716,
11/05/2007,3.013,2.974,2.969,2.972,2.977,2.893,3.011,2.887,3.104,2.878,
11/12/2007,3.111,3.077,3.065,3.08,3.079,2.981,3.136,2.984,3.216,2.965,
11/19/2007,3.099,3.085,3.076,3.104,3.073,2.969,3.136,2.994,3.254,2.953,
11/26/2007,3.097,3.092,3.102,3.119,3.068,2.966,3.133,3.024,3.263,2.949,
12/03/2007,3.061,3.073,3.099,3.11,3.037,2.935,3.111,3.022,3.261,2.925,
12/10/2007,3,3.031,3.087,3.082,2.976,2.876,3.059,3.018,3.257,2.867,
12/17/2007,2.998,3.017,3.076,3.062,2.965,2.85,3.037,3,3.245,2.843,
12/24/2007,2.98,3.007,3.073,3.06,2.947,2.836,3.019,3.001,3.235,2.83,
12/31/2007,3.053,3.065,3.093,3.098,3.031,2.92,3.085,3.01,3.251,2.91,
01/07/2008,3.109,3.124,3.133,3.151,3.101,2.977,3.146,3.049,3.287,2.963,
01/14/2008,3.068,3.108,3.121,3.143,3.078,2.957,3.124,3.043,3.29,2.944,
01/21/2008,3.017,3.062,3.087,3.106,3.023,2.904,3.069,3.021,3.258,2.896,
01/28/2008,2.977,3.025,3.061,3.069,2.981,2.875,3.037,2.991,3.234,2.87,
02/04/2008,2.978,3.005,3.035,3.043,2.967,2.872,3.013,2.965,3.21,2.863,
02/11/2008,2.96,2.977,3.008,3.015,2.94,2.851,2.985,2.935,3.198,2.844,
02/18/2008,3.042,3.046,3.041,3.059,3.038,2.941,3.071,2.947,3.215,2.924,
02/25/2008,3.13,3.148,3.134,3.148,3.153,3.056,3.209,3.051,3.274,3.036,
03/03/2008,3.162,3.168,3.146,3.164,3.177,3.088,3.228,3.058,3.289,3.075,
03/10/2008,3.225,3.194,3.17,3.185,3.208,3.131,3.259,3.082,3.308,3.119,
03/17/2008,3.284,3.253,3.208,3.247,3.271,3.177,3.321,3.116,3.367,3.169,
03/24/2008,3.259,3.241,3.198,3.243,3.252,3.166,3.307,3.104,3.369,3.159,
03/31/2008,3.29,3.256,3.209,3.258,3.268,3.206,3.305,3.112,3.382,3.205,
04/07/2008,3.332,3.284,3.229,3.273,3.309,3.253,3.359,3.136,3.394,3.255,
04/14/2008,3.389,3.335,3.289,3.327,3.354,3.285,3.395,3.189,3.451,3.289,
04/21/2008,3.508,3.484,3.489,3.482,3.483,3.411,3.514,3.417,3.586,3.412,
04/28/2008,3.603,3.601,3.601,3.615,3.59,3.505,3.614,3.527,3.747,3.506,
05/05/2008,3.613,3.61,3.626,3.638,3.584,3.507,3.616,3.548,3.785,3.507,
05/12/2008,3.722,3.713,3.75,3.729,3.69,3.616,3.709,3.676,3.867,3.616,
05/19/2008,3.791,3.795,3.838,3.824,3.759,3.689,3.803,3.772,3.977,3.694,
05/26/2008,3.937,3.937,3.974,3.948,3.918,3.829,3.931,3.901,4.095,3.831,
06/02/2008,3.976,3.97,4.028,4.001,3.929,3.846,3.935,3.953,4.152,3.847,
06/09/2008,4.039,4.019,4.089,4.058,3.969,3.909,3.984,4.001,4.198,3.907,
06/16/2008,4.082,4.052,4.131,4.103,3.99,3.937,4.019,4.044,4.259,3.947,
06/23/2008,4.079,4.047,4.12,4.102,3.984,3.919,4.014,4.04,4.267,3.925,
06/30/2008,4.095,4.057,4.12,4.104,4.003,3.928,4.024,4.047,4.278,3.929,
07/07/2008,4.114,4.079,4.143,4.115,4.033,3.958,4.057,4.066,4.281,3.953,
07/14/2008,4.113,4.071,4.136,4.109,4.024,3.971,4.051,4.061,4.279,3.966,
07/21/2008,4.064,4.044,4.111,4.077,3.999,3.942,4.036,4.049,4.263,3.942,
07/28/2008,3.955,3.96,4.002,4.003,3.916,3.857,3.966,3.937,4.168,3.848,
08/04/2008,3.88,3.888,3.931,3.931,3.842,3.766,3.884,3.856,4.102,3.76,
08/11/2008,3.809,3.799,3.84,3.844,3.753,3.685,3.8,3.767,4.021,3.677,
08/18/2008,3.74,3.701,3.731,3.73,3.671,3.599,3.723,3.648,3.892,3.587,
08/25/2008,3.685,3.634,3.661,3.665,3.602,3.519,3.662,3.575,3.831,3.494,
09/01/2008,3.68,3.631,3.642,3.634,3.626,3.578,3.679,3.549,3.789,3.547,
09/08/2008,3.648,3.609,3.61,3.597,3.617,3.551,3.665,3.51,3.766,3.519,
09/15/2008,3.835,3.809,3.655,3.672,3.957,3.757,3.855,3.567,3.79,3.705,
09/22/2008,3.718,3.721,3.601,3.634,3.821,3.678,3.76,3.53,3.771,3.645,
09/29/2008,3.632,3.664,3.53,3.56,3.781,3.6,3.706,3.455,3.698,3.567,
10/06/2008,3.484,3.544,3.386,3.436,3.672,3.436,3.592,3.305,3.609,3.382,
10/13/2008,3.151,3.223,3.097,3.186,3.288,2.99,3.292,3.046,3.379,2.946,
10/20/2008,2.914,2.938,2.864,2.968,2.937,2.734,2.953,2.821,3.181,2.686,
10/27/2008,2.656,2.684,2.64,2.766,2.637,2.46,2.669,2.579,2.953,2.397,
11/03/2008,2.4,2.449,2.448,2.561,2.365,2.228,2.398,2.368,2.759,2.163,
11/10/2008,2.224,2.272,2.29,2.388,2.18,2.096,2.226,2.211,2.587,2.03,
11/17/2008,2.072,2.114,2.121,2.205,2.044,1.956,2.103,2.04,2.414,1.911,
11/24/2008,1.892,1.953,1.951,2.05,1.88,1.805,1.956,1.889,2.261,1.777,
12/01/2008,1.811,1.86,1.872,1.948,1.79,1.732,1.86,1.801,2.136,1.713,
12/08/2008,1.699,1.757,1.765,1.846,1.688,1.639,1.749,1.708,2.033,1.623,
12/15/2008,1.659,1.682,1.705,1.754,1.622,1.556,1.68,1.649,1.906,1.544,
12/22/2008,1.653,1.671,1.69,1.718,1.63,1.55,1.684,1.633,1.866,1.544,
12/29/2008,1.613,1.63,1.65,1.674,1.591,1.498,1.647,1.601,1.81,1.487,
01/05/2009,1.684,1.642,1.669,1.667,1.616,1.547,1.679,1.622,1.789,1.534,
01/12/2009,1.784,1.75,1.748,1.757,1.745,1.645,1.814,1.691,1.882,1.62,
01/19/2009,1.847,1.81,1.801,1.814,1.81,1.729,1.879,1.749,1.918,1.709,
01/26/2009,1.838,1.816,1.818,1.83,1.805,1.729,1.879,1.767,1.928,1.712,
02/02/2009,1.892,1.876,1.875,1.892,1.865,1.802,1.921,1.827,2.007,1.784,
02/09/2009,1.926,1.912,1.911,1.937,1.894,1.837,1.959,1.858,2.048,1.811,
02/16/2009,1.964,1.95,1.938,1.974,1.937,1.838,2.004,1.887,2.088,1.813,
02/23/2009,1.909,1.912,1.91,1.953,1.882,1.785,1.953,1.855,2.07,1.757,
03/02/2009,1.934,1.922,1.922,1.941,1.907,1.829,1.956,1.878,2.054,1.798,
03/09/2009,1.941,1.918,1.912,1.94,1.903,1.819,1.964,1.859,2.058,1.794,
03/16/2009,1.91,1.907,1.911,1.931,1.889,1.808,1.952,1.858,2.048,1.788,
03/23/2009,1.962,1.939,1.937,1.959,1.924,1.876,1.982,1.885,2.073,1.864,
03/30/2009,2.046,2.025,2.009,2.032,2.025,1.969,2.063,1.954,2.135,1.962,
04/06/2009,2.037,2.022,2.007,2.031,2.02,1.956,2.076,1.951,2.14,1.956,
04/13/2009,2.051,2.027,2.012,2.037,2.024,1.963,2.091,1.959,2.154,1.964,
04/20/2009,2.059,2.041,2.053,2.055,2.026,1.968,2.094,2,2.172,1.967,
04/27/2009,2.049,2.035,2.054,2.057,2.013,1.947,2.074,2.006,2.183,1.945,
05/04/2009,2.078,2.049,2.085,2.082,2.013,1.957,2.065,2.04,2.207,1.955,
05/11/2009,2.24,2.214,2.249,2.238,2.187,2.134,2.232,2.203,2.345,2.133,
05/18/2009,2.309,2.295,2.307,2.319,2.274,2.214,2.31,2.253,2.439,2.206,
05/25/2009,2.435,2.394,2.413,2.423,2.367,2.32,2.388,2.352,2.554,2.315,
06/01/2009,2.524,2.463,2.503,2.489,2.43,2.387,2.459,2.459,2.611,2.383,
06/08/2009,2.624,2.544,2.569,2.568,2.518,2.474,2.564,2.51,2.707,2.467,
06/15/2009,2.672,2.621,2.647,2.648,2.594,2.532,2.645,2.589,2.77,2.518,
06/22/2009,2.691,2.663,2.686,2.69,2.636,2.561,2.688,2.633,2.825,2.543,
06/29/2009,2.642,2.633,2.665,2.668,2.598,2.516,2.668,2.617,2.817,2.5,
07/06/2009,2.612,2.605,2.651,2.647,2.56,2.46,2.634,2.605,2.803,2.438,
07/13/2009,2.528,2.533,2.572,2.579,2.486,2.385,2.559,2.515,2.761,2.36,
07/20/2009,2.463,2.466,2.516,2.522,2.409,2.321,2.484,2.448,2.708,2.302,
07/27/2009,2.503,2.475,2.528,2.524,2.423,2.367,2.465,2.46,2.685,2.366,
08/03/2009,2.557,2.525,2.578,2.578,2.469,2.433,2.508,2.516,2.724,2.432,
08/10/2009,2.647,2.608,2.657,2.651,2.56,2.524,2.578,2.59,2.786,2.528,
08/17/2009,2.637,2.618,2.67,2.671,2.562,2.514,2.608,2.609,2.815,2.524,
08/24/2009,2.628,2.609,2.663,2.666,2.55,2.488,2.587,2.605,2.811,2.5,
08/31/2009,2.613,2.596,2.676,2.657,2.528,2.459,2.571,2.615,2.814,2.463,
09/07/2009,2.588,2.579,2.666,2.641,2.506,2.405,2.527,2.597,2.811,2.404,
09/14/2009,2.577,2.54,2.648,2.618,2.45,2.38,2.489,2.582,2.796,2.38,
09/21/2009,2.552,2.502,2.607,2.579,2.413,2.357,2.446,2.547,2.773,2.353,
09/28/2009,2.499,2.453,2.551,2.52,2.374,2.309,2.412,2.498,2.731,2.301,
10/05/2009,2.468,2.413,2.515,2.471,2.339,2.287,2.381,2.47,2.688,2.288,
10/12/2009,2.489,2.414,2.479,2.457,2.363,2.316,2.417,2.426,2.668,2.315,
10/19/2009,2.574,2.525,2.542,2.559,2.494,2.439,2.546,2.477,2.734,2.428,
10/26/2009,2.674,2.652,2.664,2.67,2.635,2.548,2.697,2.598,2.805,2.538,
11/02/2009,2.694,2.676,2.699,2.708,2.647,2.563,2.721,2.635,2.845,2.553,
11/09/2009,2.666,2.664,2.69,2.703,2.626,2.528,2.693,2.63,2.855,2.513,
11/16/2009,2.629,2.637,2.677,2.684,2.59,2.498,2.668,2.618,2.844,2.482,
11/23/2009,2.639,2.636,2.672,2.677,2.596,2.507,2.657,2.602,2.846,2.495,
11/30/2009,2.629,2.633,2.667,2.672,2.593,2.497,2.653,2.599,2.838,2.479,
12/07/2009,2.634,2.644,2.674,2.681,2.607,2.518,2.672,2.605,2.847,2.498,
12/14/2009,2.599,2.615,2.648,2.654,2.575,2.474,2.625,2.587,2.829,2.46,
12/21/2009,2.589,2.594,2.626,2.634,2.556,2.444,2.617,2.567,2.813,2.433,
12/28/2009,2.607,2.601,2.637,2.639,2.561,2.466,2.619,2.588,2.821,2.458,
01/04/2010,2.665,2.653,2.685,2.686,2.618,2.525,2.676,2.626,2.846,2.509,
01/11/2010,2.751,2.745,2.769,2.775,2.716,2.616,2.761,2.703,2.904,2.597,
01/18/2010,2.739,2.751,2.775,2.774,2.726,2.617,2.786,2.721,2.917,2.599,
01/25/2010,2.705,2.723,2.752,2.749,2.696,2.587,2.746,2.698,2.909,2.564,
02/01/2010,2.661,2.685,2.735,2.715,2.649,2.541,2.708,2.673,2.892,2.518,
02/08/2010,2.652,2.666,2.717,2.704,2.624,2.515,2.674,2.662,2.877,2.492,
02/15/2010,2.608,2.634,2.692,2.674,2.587,2.482,2.643,2.633,2.844,2.458,
02/22/2010,2.655,2.655,2.699,2.684,2.62,2.533,2.688,2.632,2.843,2.506,
03/01/2010,2.702,2.697,2.714,2.71,2.683,2.596,2.743,2.639,2.856,2.569,
03/08/2010,2.751,2.74,2.753,2.754,2.727,2.647,2.786,2.686,2.877,2.613,
03/15/2010,2.788,2.777,2.783,2.78,2.773,2.686,2.829,2.702,2.901,2.667,
03/22/2010,2.819,2.787,2.78,2.79,2.787,2.694,2.833,2.702,2.905,2.677,
03/29/2010,2.798,2.773,2.773,2.786,2.764,2.682,2.807,2.701,2.899,2.664,
04/05/2010,2.826,2.79,2.799,2.804,2.776,2.715,2.815,2.722,2.935,2.715,
04/12/2010,2.858,2.826,2.835,2.835,2.816,2.754,2.858,2.762,2.951,2.754,
04/19/2010,2.86,2.824,2.844,2.837,2.807,2.748,2.856,2.769,2.963,2.742,
04/26/2010,2.849,2.834,2.885,2.857,2.803,2.729,2.835,2.819,2.985,2.725,
05/03/2010,2.898,2.878,2.933,2.903,2.843,2.779,2.874,2.87,3.036,2.782,
05/10/2010,2.905,2.895,2.931,2.918,2.866,2.788,2.89,2.865,3.05,2.8,
05/17/2010,2.864,2.86,2.909,2.89,2.823,2.762,2.847,2.852,3.033,2.771,
05/24/2010,2.786,2.792,2.85,2.828,2.748,2.698,2.777,2.799,2.978,2.703,
05/31/2010,2.728,2.724,2.801,2.771,2.666,2.644,2.692,2.749,2.936,2.651,
06/07/2010,2.725,2.687,2.773,2.733,2.627,2.611,2.648,2.719,2.902,2.613,
06/14/2010,2.701,2.659,2.747,2.704,2.598,2.577,2.614,2.691,2.871,2.581,
06/21/2010,2.743,2.688,2.754,2.735,2.633,2.597,2.66,2.69,2.889,2.599,
06/28/2010,2.757,2.7,2.76,2.745,2.649,2.613,2.672,2.695,2.893,2.617,
07/05/2010,2.726,2.674,2.75,2.722,2.616,2.58,2.645,2.684,2.873,2.586,
07/12/2010,2.718,2.658,2.738,2.711,2.594,2.564,2.623,2.682,2.868,2.567,
07/19/2010,2.722,2.648,2.725,2.697,2.589,2.555,2.612,2.668,2.853,2.552,
07/26/2010,2.749,2.668,2.734,2.709,2.617,2.592,2.652,2.675,2.865,2.583,
08/02/2010,2.735,2.673,2.735,2.712,2.626,2.583,2.659,2.675,2.876,2.571,
08/09/2010,2.783,2.711,2.755,2.735,2.681,2.641,2.716,2.683,2.861,2.636,
08/16/2010,2.745,2.681,2.74,2.707,2.644,2.613,2.684,2.673,2.847,2.609,
08/23/2010,2.704,2.644,2.712,2.681,2.595,2.563,2.636,2.65,2.82,2.563,
08/30/2010,2.682,2.607,2.676,2.639,2.563,2.527,2.607,2.618,2.791,2.521,
09/06/2010,2.682,2.598,2.659,2.622,2.561,2.516,2.59,2.593,2.766,2.507,
09/13/2010,2.721,2.617,2.658,2.628,2.596,2.536,2.634,2.59,2.776,2.526,
09/20/2010,2.723,2.64,2.661,2.635,2.637,2.584,2.686,2.588,2.762,2.567,
09/27/2010,2.694,2.631,2.659,2.63,2.623,2.56,2.658,2.592,2.766,2.546,
10/04/2010,2.732,2.673,2.724,2.69,2.644,2.588,2.676,2.647,2.835,2.577,
10/11/2010,2.819,2.772,2.826,2.801,2.734,2.674,2.776,2.754,2.938,2.663,
10/18/2010,2.834,2.811,2.866,2.852,2.764,2.679,2.8,2.801,2.989,2.67,
10/25/2010,2.817,2.805,2.883,2.855,2.745,2.661,2.78,2.829,2.993,2.66,
11/01/2010,2.806,2.792,2.88,2.849,2.723,2.641,2.758,2.835,2.987,2.634,
11/08/2010,2.865,2.824,2.906,2.863,2.771,2.683,2.804,2.845,3.004,2.673,
11/15/2010,2.892,2.881,2.979,2.935,2.811,2.723,2.845,2.911,3.079,2.716,
11/22/2010,2.876,2.898,3.017,2.974,2.806,2.694,2.845,2.953,3.127,2.679,
11/29/2010,2.856,2.893,3.009,2.98,2.794,2.668,2.832,2.946,3.142,2.652,
12/06/2010,2.958,2.981,3.079,3.045,2.904,2.802,2.93,3.008,3.196,2.789,
12/13/2010,2.98,3.009,3.087,3.076,2.935,2.826,2.97,3.012,3.243,2.815,
12/20/2010,2.982,3.01,3.096,3.076,2.935,2.829,2.966,3.025,3.252,2.832,
12/27/2010,3.052,3.066,3.125,3.114,3.012,2.898,3.068,3.055,3.278,2.889,
01/03/2011,3.07,3.082,3.141,3.129,3.029,2.923,3.069,3.082,3.293,2.921,
01/10/2011,3.089,3.099,3.163,3.141,3.05,2.935,3.087,3.11,3.308,2.929,
01/17/2011,3.104,3.114,3.179,3.164,3.056,2.959,3.114,3.113,3.33,2.961,
01/24/2011,3.11,3.124,3.19,3.172,3.068,2.964,3.111,3.124,3.341,2.956,
01/31/2011,3.101,3.108,3.188,3.165,3.041,2.937,3.079,3.126,3.339,2.933,
02/07/2011,3.132,3.126,3.203,3.175,3.067,2.974,3.098,3.138,3.357,2.967,
02/14/2011,3.14,3.14,3.21,3.181,3.089,3.001,3.112,3.141,3.361,2.989,
02/21/2011,3.189,3.174,3.228,3.209,3.132,3.03,3.134,3.153,3.392,3.01,
02/28/2011,3.383,3.358,3.386,3.37,3.341,3.248,3.383,3.301,3.547,3.234,
03/07/2011,3.52,3.502,3.547,3.519,3.475,3.402,3.531,3.462,3.692,3.404,
03/14/2011,3.567,3.549,3.581,3.567,3.526,3.437,3.546,3.485,3.737,3.433,
03/21/2011,3.562,3.539,3.568,3.562,3.512,3.421,3.531,3.481,3.731,3.417,
03/28/2011,3.596,3.556,3.584,3.576,3.533,3.462,3.566,3.49,3.755,3.468,
04/04/2011,3.684,3.635,3.665,3.657,3.609,3.547,3.644,3.562,3.838,3.567,
04/11/2011,3.791,3.737,3.767,3.757,3.713,3.667,3.761,3.66,3.921,3.688,
04/18/2011,3.844,3.801,3.863,3.828,3.763,3.723,3.806,3.767,4.002,3.751,
04/25/2011,3.879,3.845,3.936,3.898,3.779,3.725,3.797,3.849,4.056,3.755,
05/02/2011,3.963,3.928,4.026,3.981,3.858,3.809,3.868,3.94,4.13,3.85,
05/09/2011,3.965,3.95,4.04,4,3.886,3.814,3.905,3.957,4.149,3.844,
05/16/2011,3.96,3.952,4.045,3.993,3.893,3.823,3.888,3.965,4.137,3.85,
05/23/2011,3.849,3.859,3.977,3.912,3.784,3.71,3.789,3.911,4.065,3.727,
05/30/2011,3.794,3.781,3.914,3.847,3.692,3.623,3.708,3.839,3.999,3.642,
06/06/2011,3.781,3.736,3.865,3.805,3.645,3.579,3.655,3.795,3.952,3.589,
06/13/2011,3.713,3.693,3.811,3.766,3.603,3.558,3.601,3.743,3.914,3.579,
06/20/2011,3.652,3.655,3.79,3.727,3.561,3.51,3.566,3.72,3.887,3.534,
06/27/2011,3.574,3.598,3.753,3.672,3.496,3.444,3.505,3.704,3.839,3.466,
07/04/2011,3.579,3.567,3.721,3.634,3.471,3.409,3.47,3.665,3.807,3.421,
07/11/2011,3.641,3.647,3.767,3.687,3.581,3.502,3.587,3.705,3.839,3.516,
07/18/2011,3.682,3.706,3.826,3.738,3.647,3.568,3.636,3.759,3.9,3.594,
07/25/2011,3.699,3.735,3.841,3.759,3.687,3.6,3.663,3.77,3.934,3.625,
08/01/2011,3.711,3.748,3.845,3.772,3.702,3.602,3.69,3.764,3.952,3.626,
08/08/2011,3.674,3.71,3.822,3.738,3.655,3.558,3.647,3.755,3.924,3.582,
08/15/2011,3.604,3.638,3.76,3.67,3.577,3.489,3.577,3.704,3.87,3.495,
08/22/2011,3.581,3.597,3.734,3.625,3.535,3.462,3.535,3.67,3.829,3.465,
08/29/2011,3.627,3.605,3.721,3.626,3.554,3.473,3.539,3.64,3.801,3.474,
09/05/2011,3.674,3.639,3.75,3.666,3.586,3.494,3.584,3.668,3.858,3.49,
09/12/2011,3.661,3.632,3.751,3.667,3.57,3.472,3.559,3.667,3.861,3.468,
09/19/2011,3.601,3.586,3.698,3.634,3.517,3.412,3.511,3.613,3.822,3.408,
09/26/2011,3.509,3.507,3.62,3.567,3.429,3.309,3.428,3.548,3.779,3.296,
10/03/2011,3.433,3.44,3.564,3.504,3.356,3.238,3.361,3.485,3.698,3.228,
10/10/2011,3.417,3.403,3.517,3.462,3.325,3.221,3.322,3.427,3.665,3.215,
10/17/2011,3.476,3.452,3.552,3.498,3.387,3.301,3.393,3.465,3.688,3.295,
10/24/2011,3.462,3.459,3.54,3.494,3.408,3.3,3.419,3.448,3.685,3.314,
10/31/2011,3.452,3.438,3.521,3.476,3.384,3.26,3.397,3.425,3.666,3.274,
11/07/2011,3.424,3.414,3.504,3.454,3.358,3.224,3.359,3.408,3.645,3.238,
11/14/2011,3.436,3.424,3.504,3.454,3.377,3.231,3.392,3.411,3.641,3.249,
11/21/2011,3.368,3.378,3.467,3.416,3.323,3.163,3.35,3.379,3.614,3.178,
11/28/2011,3.307,3.328,3.43,3.373,3.264,3.112,3.291,3.35,3.586,3.111,
12/05/2011,3.29,3.301,3.401,3.338,3.244,3.09,3.26,3.317,3.55,3.097,
12/12/2011,3.286,3.303,3.376,3.334,3.259,3.087,3.28,3.279,3.529,3.098,
12/19/2011,3.229,3.268,3.344,3.309,3.214,3.041,3.24,3.251,3.504,3.053,
12/26/2011,3.258,3.269,3.335,3.313,3.218,3.056,3.239,3.252,3.486,3.07,
01/02/2012,3.299,3.32,3.376,3.346,3.284,3.097,3.303,3.291,3.509,3.1,
01/09/2012,3.382,3.414,3.463,3.44,3.38,3.2,3.412,3.386,3.592,3.202,
01/16/2012,3.391,3.431,3.482,3.46,3.394,3.21,3.406,3.394,3.633,3.208,
01/23/2012,3.389,3.456,3.507,3.494,3.412,3.228,3.422,3.417,3.665,3.232,
01/30/2012,3.439,3.522,3.575,3.548,3.486,3.291,3.523,3.488,3.724,3.3,
02/06/2012,3.482,3.553,3.595,3.571,3.528,3.349,3.54,3.512,3.759,3.351,
02/13/2012,3.523,3.612,3.644,3.627,3.591,3.431,3.642,3.548,3.811,3.453,
02/20/2012,3.591,3.654,3.692,3.67,3.63,3.479,3.662,3.604,3.852,3.497,
02/27/2012,3.721,3.735,3.769,3.748,3.715,3.558,3.747,3.68,3.917,3.572,
03/05/2012,3.793,3.768,3.819,3.78,3.744,3.606,3.782,3.723,3.956,3.61,
03/12/2012,3.829,3.772,3.809,3.793,3.746,3.647,3.779,3.72,3.952,3.676,
03/19/2012,3.867,3.811,3.829,3.828,3.792,3.698,3.817,3.737,3.984,3.726,
03/26/2012,3.918,3.87,3.861,3.882,3.864,3.758,3.899,3.757,4.032,3.785,
04/02/2012,3.941,3.911,3.897,3.924,3.904,3.802,3.919,3.793,4.075,3.831,
04/09/2012,3.939,3.949,3.968,3.974,3.925,3.818,3.953,3.875,4.121,3.829,
04/16/2012,3.922,3.928,3.99,3.955,3.889,3.802,3.921,3.905,4.103,3.817,
04/23/2012,3.87,3.885,3.964,3.93,3.827,3.747,3.856,3.874,4.093,3.754,
04/30/2012,3.83,3.829,3.928,3.874,3.765,3.685,3.774,3.85,4.046,3.69,
05/07/2012,3.79,3.762,3.88,3.809,3.692,3.622,3.689,3.797,3.971,3.628,
05/14/2012,3.754,3.698,3.828,3.764,3.61,3.558,3.604,3.742,3.942,3.568,
05/21/2012,3.715,3.634,3.781,3.715,3.53,3.489,3.529,3.695,3.888,3.5,
05/28/2012,3.67,3.572,3.729,3.657,3.462,3.422,3.451,3.655,3.829,3.44,
06/04/2012,3.613,3.515,3.676,3.603,3.4,3.371,3.403,3.6,3.785,3.391,
06/11/2012,3.572,3.45,3.611,3.534,3.34,3.311,3.34,3.535,3.7,3.333,
06/18/2012,3.533,3.402,3.558,3.477,3.301,3.267,3.301,3.474,3.639,3.285,
06/25/2012,3.437,3.344,3.505,3.417,3.242,3.195,3.244,3.417,3.58,3.226,
07/02/2012,3.356,3.293,3.463,3.384,3.173,3.125,3.17,3.382,3.558,3.166,
07/09/2012,3.411,3.354,3.487,3.434,3.254,3.16,3.266,3.415,3.601,3.195,
07/16/2012,3.427,3.407,3.54,3.482,3.312,3.201,3.279,3.479,3.644,3.252,
07/23/2012,3.494,3.488,3.633,3.564,3.387,3.294,3.391,3.566,3.735,3.346,
07/30/2012,3.508,3.497,3.63,3.569,3.403,3.31,3.407,3.566,3.731,3.355,
08/06/2012,3.645,3.597,3.708,3.637,3.534,3.412,3.524,3.648,3.779,3.434,
08/13/2012,3.721,3.677,3.773,3.725,3.612,3.488,3.612,3.71,3.879,3.512,
08/20/2012,3.744,3.711,3.808,3.75,3.652,3.546,3.634,3.738,3.91,3.56,
08/27/2012,3.776,3.75,3.818,3.781,3.707,3.582,3.722,3.742,3.939,3.579,
09/03/2012,3.843,3.811,3.855,3.823,3.789,3.645,3.76,3.776,3.987,3.67,
09/10/2012,3.847,3.827,3.922,3.86,3.775,3.641,3.758,3.848,4.001,3.657,
09/17/2012,3.878,3.879,3.989,3.953,3.792,3.655,3.778,3.905,4.118,3.66,
09/24/2012,3.826,3.828,3.945,3.907,3.734,3.6,3.728,3.882,4.067,3.603,
10/01/2012,3.804,3.801,3.955,3.893,3.687,3.555,3.676,3.892,4.059,3.554,
10/08/2012,3.85,3.798,3.955,3.911,3.667,3.537,3.648,3.901,4.101,3.538,
10/15/2012,3.819,3.792,3.923,3.877,3.691,3.544,3.704,3.863,4.064,3.53,
10/22/2012,3.687,3.7,3.843,3.787,3.591,3.449,3.609,3.789,3.973,3.443,
10/29/2012,3.568,3.589,3.74,3.692,3.467,3.337,3.486,3.7,3.871,3.323,
11/05/2012,3.492,3.533,3.714,3.677,3.373,3.271,3.398,3.68,3.848,3.252,
11/12/2012,3.449,3.491,3.674,3.66,3.31,3.205,3.334,3.626,3.844,3.19,
11/19/2012,3.429,3.479,3.647,3.657,3.295,3.166,3.297,3.591,3.885,3.147,
11/26/2012,3.437,3.485,3.634,3.637,3.326,3.173,3.367,3.579,3.87,3.144,
12/03/2012,3.394,3.457,3.598,3.594,3.311,3.158,3.34,3.534,3.822,3.134,
12/10/2012,3.349,3.417,3.561,3.545,3.278,3.122,3.302,3.494,3.771,3.102,
12/17/2012,3.254,3.35,3.493,3.486,3.207,3.045,3.231,3.416,3.72,3.034,
12/24/2012,3.257,3.355,3.476,3.471,3.232,3.054,3.241,3.386,3.69,3.04,
12/31/2012,3.298,3.403,3.496,3.5,3.302,3.107,3.351,3.402,3.7,3.094,
01/07/2013,3.299,3.44,3.516,3.519,3.358,3.167,3.379,3.43,3.707,3.179,
01/14/2013,3.303,3.447,3.515,3.513,3.378,3.165,3.438,3.432,3.702,3.175,
01/21/2013,3.315,3.42,3.499,3.489,3.344,3.152,3.396,3.408,3.681,3.164,
01/28/2013,3.357,3.448,3.53,3.525,3.367,3.164,3.396,3.446,3.71,3.181,
02/04/2013,3.538,3.591,3.682,3.665,3.508,3.332,3.557,3.589,3.855,3.354,
02/11/2013,3.611,3.648,3.736,3.73,3.56,3.383,3.632,3.658,3.921,3.412,
02/18/2013,3.747,3.75,3.798,3.776,3.716,3.533,3.769,3.722,3.96,3.533,
02/25/2013,3.784,3.799,3.817,3.806,3.788,3.624,3.831,3.741,3.995,3.647,
03/04/2013,3.759,3.762,3.798,3.774,3.743,3.576,3.777,3.721,3.958,3.594,
03/11/2013,3.71,3.726,3.772,3.746,3.696,3.542,3.727,3.691,3.939,3.558,
03/18/2013,3.696,3.69,3.744,3.711,3.658,3.522,3.686,3.657,3.903,3.545,
03/25/2013,3.68,3.66,3.72,3.694,3.618,3.505,3.641,3.632,3.888,3.54,
04/01/2013,3.645,3.63,3.696,3.67,3.58,3.48,3.591,3.609,3.853,3.517,
04/08/2013,3.608,3.586,3.644,3.629,3.537,3.434,3.548,3.569,3.811,3.463,
04/15/2013,3.542,3.533,3.597,3.58,3.478,3.363,3.486,3.524,3.771,3.382,
04/22/2013,3.536,3.48,3.544,3.52,3.431,3.324,3.426,3.46,3.704,3.348,
04/29/2013,3.52,3.458,3.519,3.498,3.41,3.295,3.4,3.431,3.675,3.316,
05/06/2013,3.538,3.452,3.521,3.49,3.403,3.299,3.394,3.436,3.664,3.324,
05/13/2013,3.603,3.484,3.551,3.522,3.435,3.364,3.452,3.463,3.696,3.386,
05/20/2013,3.673,3.489,3.576,3.538,3.427,3.392,3.442,3.492,3.702,3.428,
05/27/2013,3.645,3.501,3.591,3.557,3.431,3.366,3.442,3.511,3.72,3.397,
06/03/2013,3.646,3.484,3.582,3.543,3.411,3.34,3.418,3.503,3.703,3.37,
06/10/2013,3.655,3.491,3.589,3.538,3.427,3.339,3.426,3.517,3.702,3.358,
06/17/2013,3.626,3.504,3.597,3.533,3.454,3.378,3.494,3.522,3.705,3.408,
06/24/2013,3.577,3.503,3.596,3.547,3.442,3.377,3.476,3.518,3.707,3.425,
07/01/2013,3.496,3.463,3.566,3.519,3.39,3.312,3.419,3.495,3.681,3.353,
07/08/2013,3.492,3.456,3.568,3.52,3.374,3.295,3.4,3.487,3.694,3.331,
07/15/2013,3.639,3.59,3.735,3.652,3.501,3.443,3.533,3.644,3.831,3.483,
07/22/2013,3.682,3.655,3.811,3.716,3.562,3.507,3.583,3.716,3.863,3.55,
07/29/2013,3.646,3.648,3.805,3.738,3.533,3.478,3.577,3.719,3.924,3.524,
08/05/2013,3.632,3.628,3.789,3.708,3.52,3.446,3.551,3.71,3.898,3.486,
08/12/2013,3.561,3.569,3.757,3.648,3.454,3.388,3.495,3.689,3.851,3.431,
08/19/2013,3.55,3.554,3.738,3.626,3.446,3.373,3.472,3.675,3.815,3.409,
08/26/2013,3.552,3.553,3.729,3.618,3.452,3.382,3.476,3.661,3.805,3.422,
09/02/2013,3.608,3.606,3.756,3.667,3.516,3.406,3.554,3.684,3.838,3.428,
09/09/2013,3.587,3.587,3.751,3.66,3.483,3.377,3.525,3.679,3.836,3.391,
09/16/2013,3.547,3.531,3.717,3.623,3.408,3.301,3.444,3.635,3.812,3.311,
09/23/2013,3.495,3.457,3.67,3.545,3.327,3.231,3.373,3.594,3.755,3.239,
09/30/2013,3.425,3.409,3.617,3.483,3.291,3.176,3.311,3.55,3.682,3.18,
10/07/2013,3.367,3.363,3.573,3.429,3.25,3.127,3.269,3.509,3.638,3.128,
10/14/2013,3.354,3.348,3.525,3.398,3.257,3.107,3.251,3.453,3.6,3.097,
10/21/2013,3.36,3.353,3.492,3.382,3.29,3.129,3.317,3.407,3.584,3.132,
10/28/2013,3.294,3.318,3.459,3.362,3.243,3.072,3.249,3.368,3.554,3.064,
11/04/2013,3.265,3.289,3.43,3.336,3.212,3.03,3.211,3.348,3.528,3.018,
11/11/2013,3.194,3.243,3.393,3.295,3.159,2.978,3.171,3.309,3.5,2.959,
11/18/2013,3.219,3.282,3.396,3.341,3.203,3.004,3.233,3.311,3.52,2.989,
11/25/2013,3.293,3.386,3.453,3.423,3.338,3.14,3.423,3.377,3.573,3.146,
12/02/2013,3.272,3.389,3.475,3.441,3.325,3.124,3.457,3.409,3.606,3.125,
12/09/2013,3.269,3.382,3.494,3.447,3.3,3.104,3.42,3.423,3.618,3.108,
12/16/2013,3.239,3.373,3.508,3.457,3.27,3.047,3.376,3.445,3.635,3.048,
12/23/2013,3.271,3.38,3.52,3.466,3.275,3.061,3.369,3.458,3.649,3.074,
12/30/2013,3.331,3.413,3.548,3.511,3.3,3.117,3.381,3.487,3.679,3.134,
01/06/2014,3.332,3.438,3.556,3.532,3.333,3.123,3.417,3.496,3.69,3.136,
01/13/2014,3.327,3.41,3.53,3.5,3.308,3.108,3.382,3.469,3.644,3.12,
01/20/2014,3.296,3.388,3.49,3.459,3.305,3.103,3.352,3.426,3.614,3.106,
01/27/2014,3.295,3.376,3.464,3.45,3.293,3.092,3.331,3.393,3.596,3.093,
02/03/2014,3.292,3.357,3.446,3.435,3.272,3.083,3.305,3.371,3.588,3.079,
02/10/2014,3.309,3.348,3.45,3.43,3.256,3.086,3.289,3.371,3.568,3.087,
02/17/2014,3.38,3.41,3.488,3.505,3.315,3.179,3.37,3.404,3.652,3.195,
02/24/2014,3.444,3.464,3.547,3.55,3.376,3.209,3.437,3.464,3.687,3.199,
03/03/2014,3.479,3.473,3.568,3.573,3.37,3.227,3.421,3.49,3.706,3.236,
03/10/2014,3.512,3.493,3.593,3.597,3.385,3.252,3.432,3.511,3.751,3.271,
03/17/2014,3.547,3.521,3.604,3.593,3.442,3.283,3.522,3.524,3.753,3.294,
03/24/2014,3.549,3.527,3.598,3.588,3.459,3.319,3.528,3.515,3.747,3.344,
03/31/2014,3.579,3.555,3.604,3.585,3.518,3.343,3.623,3.521,3.745,3.367,
04/07/2014,3.596,3.578,3.603,3.593,3.559,3.392,3.627,3.525,3.743,3.397,
04/14/2014,3.651,3.609,3.638,3.611,3.599,3.472,3.663,3.557,3.753,3.483,
04/21/2014,3.683,3.662,3.685,3.674,3.645,3.491,3.726,3.607,3.812,3.502,
04/28/2014,3.713,3.706,3.755,3.748,3.66,3.491,3.711,3.681,3.887,3.497,
05/05/2014,3.684,3.699,3.752,3.742,3.651,3.465,3.676,3.68,3.886,3.463,
05/12/2014,3.668,3.677,3.739,3.729,3.621,3.437,3.637,3.663,3.872,3.434,
05/19/2014,3.665,3.659,3.728,3.704,3.605,3.439,3.605,3.658,3.842,3.453,
05/26/2014,3.674,3.657,3.729,3.711,3.596,3.435,3.582,3.656,3.84,3.454,
06/02/2014,3.69,3.646,3.725,3.703,3.58,3.44,3.553,3.651,3.83,3.464,
06/09/2014,3.674,3.633,3.723,3.7,3.556,3.418,3.533,3.652,3.84,3.445,
06/16/2014,3.686,3.64,3.743,3.706,3.559,3.428,3.518,3.672,3.84,3.456,
06/23/2014,3.704,3.667,3.761,3.738,3.587,3.494,3.573,3.69,3.878,3.521,
06/30/2014,3.704,3.678,3.771,3.753,3.595,3.483,3.591,3.7,3.899,3.507,
07/07/2014,3.678,3.66,3.775,3.743,3.564,3.462,3.559,3.708,3.902,3.486,
07/14/2014,3.635,3.629,3.756,3.707,3.534,3.44,3.517,3.687,3.858,3.473,
07/21/2014,3.593,3.587,3.718,3.665,3.489,3.394,3.462,3.649,3.828,3.422,
07/28/2014,3.539,3.542,3.693,3.613,3.444,3.349,3.402,3.631,3.785,3.375,
08/04/2014,3.515,3.504,3.648,3.574,3.408,3.306,3.36,3.574,3.752,3.33,
08/11/2014,3.505,3.466,3.608,3.533,3.374,3.271,3.322,3.536,3.706,3.285,
08/18/2014,3.472,3.433,3.58,3.491,3.347,3.264,3.291,3.506,3.685,3.286,
08/25/2014,3.454,3.402,3.546,3.456,3.32,3.238,3.279,3.465,3.644,3.259,
09/01/2014,3.459,3.409,3.546,3.451,3.336,3.216,3.333,3.476,3.629,3.233,
09/08/2014,3.457,3.407,3.546,3.458,3.327,3.223,3.313,3.475,3.628,3.248,
09/15/2014,3.408,3.378,3.528,3.434,3.291,3.173,3.272,3.468,3.602,3.199,
09/22/2014,3.353,3.344,3.488,3.394,3.264,3.127,3.237,3.435,3.548,3.148,
09/29/2014,3.354,3.338,3.464,3.381,3.267,3.156,3.233,3.395,3.538,3.194,
10/06/2014,3.299,3.313,3.41,3.35,3.256,3.109,3.274,3.359,3.521,3.125,
10/13/2014,3.207,3.234,3.353,3.291,3.155,3.008,3.197,3.308,3.485,3.014,
10/20/2014,3.12,3.134,3.254,3.206,3.044,2.912,3.092,3.199,3.412,2.915,
10/27/2014,3.056,3.049,3.191,3.129,2.947,2.83,2.986,3.125,3.342,2.834,
11/03/2014,2.993,2.991,3.117,3.079,2.887,2.769,2.917,3.044,3.291,2.766,
11/10/2014,2.941,2.947,3.061,3.023,2.856,2.723,2.875,2.985,3.24,2.716,
11/17/2014,2.894,2.908,3.014,2.99,2.815,2.673,2.827,2.939,3.195,2.688,
11/24/2014,2.821,2.854,2.964,2.953,2.747,2.593,2.772,2.882,3.149,2.606,
12/01/2014,2.778,2.82,2.944,2.923,2.705,2.531,2.733,2.869,3.121,2.537,
12/08/2014,2.679,2.738,2.85,2.841,2.627,2.44,2.672,2.788,3.032,2.444,
12/15/2014,2.554,2.638,2.748,2.737,2.532,2.328,2.562,2.693,2.911,2.32,
12/22/2014,2.403,2.524,2.633,2.64,2.405,2.176,2.444,2.584,2.848,2.163,
12/29/2014,2.299,2.439,2.555,2.563,2.312,2.073,2.351,2.496,2.773,2.054,
01/05/2015,2.214,2.357,2.454,2.481,2.235,1.993,2.27,2.41,2.682,1.975,
01/12/2015,2.139,2.253,2.35,2.365,2.141,1.911,2.185,2.312,2.55,1.898,
01/19/2015,2.066,2.158,2.222,2.267,2.057,1.844,2.079,2.163,2.452,1.832,
01/26/2015,2.044,2.104,2.166,2.19,2.021,1.85,2.028,2.109,2.363,1.849,
02/02/2015,2.068,2.088,2.145,2.178,2.004,1.86,2.021,2.088,2.35,1.856,
02/09/2015,2.191,2.192,2.196,2.274,2.129,1.984,2.148,2.132,2.404,1.98,
02/16/2015,2.274,2.253,2.251,2.314,2.208,2.074,2.267,2.194,2.42,2.073,
02/23/2015,2.332,2.303,2.299,2.368,2.255,2.109,2.306,2.246,2.462,2.112,
03/02/2015,2.473,2.386,2.4,2.449,2.335,2.215,2.414,2.348,2.543,2.231,
03/09/2015,2.487,2.421,2.468,2.503,2.345,2.228,2.403,2.415,2.604,2.237,
03/16/2015,2.453,2.401,2.446,2.482,2.326,2.22,2.405,2.401,2.585,2.227,
03/23/2015,2.457,2.361,2.392,2.439,2.293,2.191,2.379,2.343,2.545,2.208,
03/30/2015,2.448,2.371,2.364,2.419,2.337,2.187,2.52,2.303,2.533,2.202,
04/06/2015,2.413,2.352,2.359,2.412,2.306,2.183,2.445,2.305,2.542,2.202,
04/13/2015,2.408,2.355,2.349,2.416,2.312,2.188,2.421,2.286,2.523,2.202,
04/20/2015,2.485,2.443,2.491,2.527,2.366,2.242,2.44,2.447,2.629,2.258,
04/27/2015,2.57,2.517,2.568,2.602,2.439,2.305,2.525,2.521,2.686,2.306,
05/04/2015,2.664,2.578,2.641,2.673,2.488,2.384,2.528,2.595,2.748,2.387,
05/11/2015,2.691,2.608,2.665,2.709,2.516,2.436,2.574,2.613,2.792,2.443,
05/18/2015,2.744,2.629,2.681,2.712,2.551,2.466,2.574,2.63,2.802,2.47,
05/25/2015,2.774,2.666,2.722,2.735,2.597,2.486,2.619,2.673,2.828,2.487,
06/01/2015,2.78,2.671,2.724,2.741,2.603,2.483,2.598,2.672,2.831,2.481,
06/08/2015,2.78,2.691,2.743,2.751,2.63,2.536,2.668,2.699,2.846,2.547,
06/15/2015,2.835,2.742,2.788,2.803,2.683,2.593,2.683,2.748,2.907,2.623,
06/22/2015,2.812,2.729,2.806,2.786,2.663,2.574,2.662,2.763,2.887,2.589,
06/29/2015,2.801,2.727,2.796,2.803,2.65,2.542,2.655,2.754,2.923,2.555,
07/06/2015,2.793,2.718,2.78,2.8,2.637,2.521,2.63,2.744,2.929,2.535,
07/13/2015,2.834,2.705,2.769,2.787,2.625,2.527,2.612,2.732,2.91,2.55,
07/20/2015,2.802,2.666,2.735,2.746,2.586,2.488,2.558,2.703,2.86,2.521,
07/27/2015,2.745,2.625,2.702,2.701,2.544,2.439,2.513,2.672,2.831,2.468,
08/03/2015,2.689,2.576,2.648,2.669,2.486,2.393,2.441,2.617,2.796,2.426,
08/10/2015,2.629,2.524,2.598,2.617,2.433,2.336,2.384,2.575,2.753,2.364,
08/17/2015,2.716,2.492,2.558,2.577,2.408,2.336,2.362,2.531,2.718,2.363,
08/24/2015,2.637,2.432,2.491,2.509,2.356,2.287,2.308,2.458,2.631,2.304,
08/31/2015,2.51,2.344,2.4,2.423,2.269,2.196,2.233,2.36,2.542,2.213,
09/07/2015,2.437,2.308,2.371,2.399,2.22,2.137,2.195,2.325,2.509,2.139,
09/14/2015,2.375,2.256,2.334,2.345,2.167,2.091,2.149,2.29,2.454,2.085,
09/21/2015,2.327,2.202,2.291,2.294,2.107,2.025,2.081,2.256,2.421,2.028,
09/28/2015,2.322,2.185,2.256,2.255,2.113,2.015,2.075,2.22,2.385,2.011,
10/05/2015,2.318,2.172,2.23,2.22,2.118,2.035,2.093,2.182,2.327,2.033,
10/12/2015,2.337,2.194,2.216,2.235,2.157,2.051,2.191,2.159,2.329,2.044,
10/19/2015,2.277,2.165,2.182,2.224,2.115,2.003,2.137,2.119,2.315,2.001,
10/26/2015,2.228,2.128,2.163,2.195,2.068,1.945,2.067,2.11,2.284,1.945,
11/02/2015,2.224,2.114,2.153,2.174,2.057,1.916,2.044,2.099,2.267,1.911,
11/09/2015,2.235,2.164,2.176,2.229,2.111,1.972,2.104,2.115,2.308,1.972,
11/16/2015,2.178,2.155,2.168,2.22,2.103,1.926,2.155,2.105,2.297,1.919,
11/23/2015,2.094,2.107,2.148,2.184,2.036,1.854,2.066,2.099,2.277,1.855,
11/30/2015,2.059,2.087,2.15,2.176,2.002,1.824,2.028,2.102,2.273,1.812,
12/07/2015,2.053,2.074,2.135,2.171,1.983,1.816,2.019,2.092,2.258,1.818,
12/14/2015,2.037,2.043,2.095,2.137,1.958,1.788,1.995,2.049,2.224,1.786,
12/21/2015,2.026,2.035,2.08,2.115,1.962,1.781,1.988,2.042,2.215,1.789,
12/28/2015,2.034,2.015,2.056,2.093,1.943,1.76,1.969,2.016,2.196,1.764,
01/04/2016,2.028,1.999,2.039,2.074,1.93,1.75,1.952,1.994,2.168,1.749,
01/11/2016,1.996,1.97,2.007,2.053,1.896,1.727,1.925,1.969,2.138,1.726,
01/18/2016,1.914,1.905,1.95,1.979,1.838,1.672,1.858,1.921,2.075,1.671,
01/25/2016,1.856,1.866,1.916,1.949,1.79,1.628,1.82,1.893,2.047,1.629,
02/01/2016,1.822,1.836,1.887,1.914,1.763,1.59,1.779,1.865,2.006,1.588,
02/08/2016,1.759,1.794,1.842,1.879,1.716,1.561,1.742,1.82,1.976,1.564,
02/15/2016,1.724,1.755,1.798,1.822,1.692,1.528,1.715,1.77,1.921,1.527,
02/22/2016,1.73,1.734,1.777,1.807,1.667,1.526,1.712,1.751,1.917,1.519,
02/29/2016,1.783,1.738,1.77,1.802,1.681,1.559,1.704,1.744,1.9,1.548,
03/07/2016,1.841,1.779,1.778,1.819,1.749,1.603,1.835,1.746,1.91,1.604,
03/14/2016,1.961,1.884,1.885,1.922,1.856,1.746,1.879,1.857,1.976,1.741,
03/21/2016,2.007,1.938,1.919,1.957,1.93,1.805,2.013,1.879,2.009,1.812,
03/28/2016,2.066,2.02,2.031,2.05,1.995,1.863,2.041,1.999,2.102,1.87,
04/04/2016,2.083,2.033,2.056,2.071,1.997,1.869,2.04,2.008,2.125,1.885,
04/11/2016,2.069,2.033,2.072,2.089,1.98,1.835,2.018,2.023,2.142,1.845,
04/18/2016,2.137,2.097,2.155,2.171,2.023,1.91,2.018,2.104,2.221,1.915,
04/25/2016,2.162,2.126,2.188,2.201,2.051,1.913,2.027,2.151,2.257,1.915,
05/02/2016,2.24,2.215,2.25,2.269,2.163,1.995,2.195,2.214,2.317,1.984,
05/09/2016,2.22,2.217,2.27,2.28,2.155,1.987,2.17,2.243,2.332,1.986,
05/16/2016,2.242,2.216,2.263,2.282,2.153,1.987,2.148,2.23,2.332,1.982,
05/23/2016,2.3,2.248,2.315,2.316,2.178,2.064,2.164,2.278,2.351,2.072,
05/30/2016,2.339,2.288,2.353,2.348,2.224,2.09,2.199,2.319,2.388,2.091,
06/06/2016,2.381,2.314,2.356,2.345,2.277,2.142,2.323,2.327,2.385,2.148,
06/13/2016,2.399,2.308,2.363,2.35,2.26,2.135,2.307,2.333,2.39,2.146,
06/20/2016,2.353,2.276,2.341,2.332,2.215,2.096,2.256,2.316,2.386,2.108,
06/27/2016,2.329,2.257,2.34,2.323,2.183,2.097,2.217,2.314,2.377,2.117,
07/04/2016,2.291,2.233,2.323,2.304,2.153,2.074,2.192,2.301,2.366,2.093,
07/11/2016,2.253,2.198,2.276,2.272,2.118,2.045,2.158,2.247,2.346,2.058,
07/18/2016,2.23,2.155,2.247,2.229,2.072,2.007,2.096,2.219,2.336,2.021,
07/25/2016,2.182,2.12,2.209,2.201,2.033,1.98,2.049,2.187,2.316,1.999,
08/01/2016,2.159,2.1,2.168,2.172,2.025,1.944,2.014,2.144,2.296,1.959,
08/08/2016,2.15,2.066,2.125,2.144,1.991,1.928,1.989,2.093,2.262,1.944,
08/15/2016,2.149,2.075,2.104,2.143,2.016,1.938,2.044,2.065,2.253,1.953,
08/22/2016,2.193,2.126,2.166,2.187,2.068,1.964,2.082,2.132,2.26,1.978,
08/29/2016,2.237,2.172,2.201,2.22,2.128,2.009,2.171,2.161,2.279,2.013,
09/05/2016,2.223,2.173,2.202,2.225,2.125,2.005,2.189,2.158,2.284,2.016,
09/12/2016,2.202,2.147,2.18,2.204,2.095,1.973,2.156,2.132,2.259,1.972,
09/19/2016,2.225,2.192,2.192,2.218,2.172,1.967,2.124,2.151,2.26,1.944,
09/26/2016,2.224,2.203,2.193,2.232,2.184,1.964,2.111,2.154,2.263,1.931,
10/03/2016,2.245,2.206,2.225,2.236,2.178,2.007,2.115,2.194,2.278,1.981,
10/10/2016,2.272,2.229,2.249,2.256,2.204,2.038,2.16,2.213,2.297,2.01,
10/17/2016,2.257,2.237,2.247,2.263,2.216,2.043,2.229,2.204,2.302,2.015,
10/24/2016,2.243,2.232,2.248,2.274,2.196,2.056,2.215,2.202,2.332,2.05,
10/31/2016,2.23,2.219,2.248,2.271,2.172,2.042,2.19,2.202,2.334,2.043,
11/07/2016,2.233,2.24,2.255,2.335,2.165,2.015,2.16,2.201,2.365,2.006,
11/14/2016,2.184,2.217,2.225,2.321,2.138,1.975,2.111,2.176,2.338,1.969,
11/21/2016,2.155,2.172,2.197,2.291,2.075,1.918,2.042,2.148,2.315,1.907,
11/28/2016,2.154,2.164,2.192,2.284,2.067,1.906,2.043,2.147,2.316,1.895,
12/05/2016,2.208,2.231,2.236,2.34,2.147,1.979,2.164,2.188,2.334,1.964,
12/12/2016,2.236,2.259,2.257,2.363,2.181,2.008,2.186,2.207,2.358,1.988,
12/19/2016,2.264,2.29,2.281,2.378,2.226,2.053,2.305,2.232,2.385,2.049,
12/26/2016,2.309,2.313,2.311,2.416,2.237,2.08,2.291,2.256,2.433,2.069,
01/02/2017,2.377,2.386,2.371,2.496,2.307,2.148,2.401,2.318,2.49,2.147,
01/09/2017,2.388,2.395,2.378,2.515,2.31,2.168,2.379,2.327,2.499,2.174,
01/16/2017,2.358,2.374,2.357,2.504,2.282,2.142,2.34,2.291,2.478,2.144,
01/23/2017,2.326,2.348,2.337,2.485,2.25,2.124,2.298,2.262,2.47,2.116,
01/30/2017,2.296,2.32,2.314,2.458,2.22,2.089,2.256,2.239,2.449,2.08,
02/06/2017,2.293,2.301,2.294,2.432,2.206,2.071,2.228,2.228,2.424,2.058,
02/13/2017,2.307,2.293,2.296,2.424,2.195,2.08,2.219,2.248,2.412,2.083,
02/20/2017,2.302,2.294,2.288,2.42,2.201,2.069,2.228,2.244,2.413,2.066,
02/27/2017,2.314,2.286,2.272,2.396,2.207,2.069,2.218,2.23,2.389,2.064,
03/06/2017,2.341,2.285,2.258,2.388,2.215,2.094,2.24,2.209,2.371,2.096,
03/13/2017,2.323,2.273,2.259,2.386,2.191,2.075,2.217,2.219,2.372,2.079,
03/20/2017,2.321,2.266,2.261,2.38,2.183,2.072,2.208,2.231,2.367,2.065,
03/27/2017,2.315,2.276,2.263,2.372,2.207,2.087,2.26,2.233,2.357,2.088,
04/03/2017,2.36,2.303,2.29,2.4,2.235,2.124,2.266,2.254,2.377,2.127,
04/10/2017,2.424,2.374,2.326,2.467,2.318,2.192,2.419,2.277,2.442,2.201,
04/17/2017,2.436,2.397,2.373,2.508,2.32,2.241,2.397,2.335,2.487,2.264,
04/24/2017,2.449,2.416,2.404,2.519,2.343,2.225,2.455,2.364,2.489,2.241,
05/01/2017,2.411,2.387,2.403,2.496,2.3,2.196,2.399,2.367,2.475,2.206,
05/08/2017,2.372,2.348,2.384,2.46,2.253,2.168,2.327,2.356,2.46,2.176,
05/15/2017,2.369,2.32,2.367,2.437,2.218,2.129,2.277,2.348,2.445,2.142,
05/22/2017,2.399,2.327,2.393,2.442,2.221,2.149,2.259,2.393,2.432,2.169,
05/29/2017,2.406,2.341,2.41,2.466,2.227,2.155,2.254,2.417,2.46,2.175,
06/05/2017,2.414,2.346,2.4,2.455,2.249,2.171,2.363,2.395,2.454,2.2,
06/12/2017,2.366,2.31,2.349,2.431,2.207,2.141,2.303,2.313,2.437,2.17,
06/19/2017,2.318,2.267,2.316,2.396,2.156,2.091,2.216,2.288,2.404,2.11,
06/26/2017,2.288,2.227,2.295,2.365,2.104,2.053,2.143,2.28,2.383,2.061,
07/03/2017,2.26,2.203,2.29,2.345,2.07,2.006,2.098,2.265,2.358,2.011,
07/10/2017,2.297,2.222,2.282,2.356,2.104,2.032,2.091,2.251,2.355,2.05,
07/17/2017,2.278,2.214,2.271,2.351,2.095,2.028,2.076,2.231,2.351,2.035,
07/24/2017,2.312,2.264,2.316,2.391,2.154,2.068,2.182,2.277,2.376,2.09,
07/31/2017,2.352,2.306,2.357,2.417,2.207,2.083,2.28,2.327,2.411,2.092,
08/07/2017,2.378,2.336,2.384,2.47,2.221,2.154,2.252,2.348,2.446,2.171,
08/14/2017,2.384,2.327,2.378,2.454,2.218,2.145,2.229,2.344,2.435,2.155,
08/21/2017,2.36,2.303,2.363,2.434,2.187,2.118,2.202,2.331,2.426,2.124,
08/28/2017,2.399,2.337,2.388,2.435,2.249,2.156,2.305,2.376,2.434,2.165,
09/04/2017,2.679,2.723,2.745,2.804,2.656,2.506,2.701,2.735,2.772,2.561,
09/11/2017,2.685,2.73,2.764,2.808,2.661,2.501,2.689,2.745,2.793,2.531,
09/18/2017,2.634,2.691,2.74,2.764,2.622,2.465,2.673,2.734,2.753,2.483,
09/25/2017,2.583,2.642,2.704,2.701,2.58,2.423,2.627,2.714,2.71,2.441,
10/02/2017,2.565,2.592,2.665,2.653,2.525,2.381,2.557,2.682,2.669,2.402,
10/09/2017,2.504,2.522,2.607,2.601,2.437,2.316,2.468,2.628,2.613,2.33,
10/16/2017,2.489,2.47,2.58,2.561,2.369,2.262,2.393,2.601,2.589,2.264,
10/23/2017,2.479,2.447,2.562,2.539,2.344,2.226,2.347,2.587,2.561,2.219,
10/30/2017,2.488,2.448,2.553,2.553,2.337,2.215,2.321,2.567,2.552,2.215,
11/06/2017,2.561,2.477,2.563,2.611,2.35,2.249,2.331,2.563,2.594,2.245,
11/13/2017,2.592,2.546,2.6,2.658,2.446,2.302,2.514,2.589,2.63,2.297,
11/20/2017,2.568,2.526,2.593,2.646,2.415,2.285,2.453,2.589,2.615,2.261,
11/27/2017,2.533,2.508,2.584,2.632,2.392,2.262,2.421,2.577,2.602,2.241,
12/04/2017,2.5,2.491,2.575,2.616,2.373,2.25,2.394,2.563,2.598,2.239,
12/11/2017,2.485,2.465,2.546,2.589,2.348,2.216,2.358,2.537,2.567,2.201,
12/18/2017,2.45,2.438,2.525,2.571,2.313,2.164,2.318,2.518,2.544,2.144,
12/25/2017,2.472,2.426,2.51,2.555,2.304,2.17,2.299,2.494,2.531,2.161,
01/01/2018,2.52,2.492,2.533,2.615,2.388,2.238,2.43,2.521,2.578,2.239,
01/08/2018,2.522,2.5,2.557,2.639,2.379,2.242,2.419,2.548,2.602,2.239,
01/15/2018,2.557,2.517,2.553,2.653,2.405,2.276,2.415,2.528,2.616,2.271,
01/22/2018,2.567,2.556,2.573,2.679,2.459,2.309,2.523,2.537,2.639,2.302,
01/29/2018,2.607,2.587,2.606,2.723,2.48,2.347,2.516,2.564,2.694,2.333,
02/05/2018,2.637,2.614,2.638,2.743,2.51,2.368,2.585,2.6,2.708,2.344,
02/12/2018,2.607,2.606,2.641,2.724,2.508,2.331,2.614,2.621,2.695,2.312,
02/19/2018,2.557,2.559,2.603,2.693,2.446,2.276,2.514,2.584,2.666,2.255,
02/26/2018,2.548,2.53,2.582,2.664,2.414,2.25,2.455,2.554,2.643,2.235,
03/05/2018,2.56,2.534,2.565,2.647,2.44,2.278,2.498,2.536,2.631,2.282,
03/12/2018,2.559,2.509,2.554,2.63,2.404,2.274,2.425,2.531,2.609,2.285,
03/19/2018,2.598,2.536,2.556,2.628,2.462,2.304,2.508,2.532,2.612,2.307,
03/26/2018,2.648,2.592,2.587,2.698,2.514,2.381,2.522,2.551,2.678,2.379,
04/02/2018,2.7,2.647,2.638,2.744,2.577,2.428,2.616,2.609,2.716,2.417,
04/09/2018,2.694,2.638,2.642,2.744,2.558,2.423,2.57,2.609,2.701,2.404,
04/16/2018,2.747,2.688,2.691,2.795,2.606,2.496,2.575,2.662,2.784,2.479,
04/23/2018,2.798,2.751,2.759,2.862,2.665,2.546,2.718,2.728,2.876,2.529,
04/30/2018,2.846,2.789,2.812,2.91,2.692,2.589,2.699,2.764,2.911,2.595,
05/07/2018,2.845,2.792,2.836,2.917,2.685,2.589,2.673,2.789,2.917,2.591,
05/14/2018,2.873,2.82,2.874,2.944,2.726,2.613,2.788,2.833,2.942,2.628,
05/21/2018,2.923,2.86,2.945,2.997,2.751,2.676,2.787,2.908,3.015,2.694,
05/28/2018,2.962,2.91,2.98,3.027,2.818,2.721,2.875,2.96,3.023,2.747,
06/04/2018,2.94,2.879,2.973,3,2.778,2.725,2.819,2.952,3.016,2.76,
06/11/2018,2.911,2.84,2.926,2.98,2.729,2.696,2.748,2.91,3.013,2.728,
06/18/2018,2.879,2.799,2.9,2.938,2.684,2.654,2.703,2.884,2.976,2.683,
06/25/2018,2.833,2.761,2.875,2.904,2.64,2.615,2.657,2.871,2.944,2.639,
07/02/2018,2.844,2.769,2.882,2.909,2.652,2.604,2.697,2.875,2.94,2.628,
07/09/2018,2.857,2.781,2.889,2.928,2.66,2.619,2.681,2.877,2.938,2.648,
07/16/2018,2.865,2.801,2.888,2.932,2.697,2.602,2.758,2.885,2.931,2.61,
07/23/2018,2.831,2.776,2.875,2.907,2.668,2.573,2.708,2.875,2.906,2.578,
07/30/2018,2.846,2.79,2.884,2.923,2.68,2.593,2.733,2.876,2.909,2.605,
08/06/2018,2.852,2.802,2.89,2.93,2.699,2.59,2.718,2.876,2.915,2.587,
08/13/2018,2.843,2.803,2.882,2.927,2.703,2.586,2.768,2.875,2.913,2.579,
08/20/2018,2.821,2.777,2.863,2.91,2.67,2.568,2.719,2.863,2.909,2.559,
08/27/2018,2.827,2.764,2.851,2.903,2.653,2.569,2.689,2.843,2.904,2.57,
09/03/2018,2.824,2.775,2.855,2.909,2.669,2.549,2.765,2.844,2.9,2.539,
09/10/2018,2.833,2.786,2.864,2.928,2.674,2.572,2.725,2.846,2.911,2.579,
09/17/2018,2.841,2.788,2.869,2.929,2.676,2.561,2.708,2.846,2.918,2.561,
09/24/2018,2.844,2.772,2.856,2.906,2.664,2.559,2.692,2.834,2.9,2.552,
10/01/2018,2.866,2.794,2.857,2.905,2.707,2.593,2.793,2.842,2.899,2.587,
10/08/2018,2.903,2.828,2.871,2.937,2.745,2.626,2.789,2.848,2.93,2.606,
10/15/2018,2.879,2.809,2.854,2.914,2.73,2.627,2.762,2.823,2.92,2.609,
10/22/2018,2.841,2.777,2.837,2.888,2.69,2.582,2.723,2.823,2.904,2.562,
10/29/2018,2.811,2.733,2.812,2.853,2.636,2.523,2.669,2.804,2.888,2.496,
11/05/2018,2.753,2.68,2.776,2.805,2.575,2.455,2.599,2.782,2.868,2.43,
11/12/2018,2.686,2.621,2.724,2.74,2.52,2.387,2.535,2.729,2.813,2.356,
11/19/2018,2.611,2.554,2.674,2.681,2.442,2.308,2.469,2.692,2.772,2.277,
11/26/2018,2.539,2.498,2.647,2.645,2.363,2.216,2.38,2.667,2.736,2.175,
12/03/2018,2.451,2.422,2.583,2.585,2.274,2.123,2.297,2.63,2.689,2.088,
12/10/2018,2.421,2.384,2.548,2.552,2.232,2.074,2.26,2.606,2.656,2.042,
12/17/2018,2.369,2.352,2.514,2.512,2.205,2.031,2.256,2.565,2.608,2.006,
12/24/2018,2.321,2.297,2.461,2.46,2.149,1.981,2.192,2.527,2.561,1.954,
12/31/2018,2.266,2.251,2.422,2.42,2.097,1.926,2.14,2.483,2.513,1.901,
01/07/2019,2.237,2.216,2.378,2.396,2.055,1.886,2.097,2.435,2.485,1.863,
01/14/2019,2.247,2.217,2.355,2.388,2.069,1.91,2.103,2.41,2.448,1.899,
01/21/2019,2.251,2.242,2.349,2.393,2.116,1.914,2.197,2.403,2.43,1.889,
01/28/2019,2.256,2.249,2.346,2.388,2.138,1.959,2.186,2.392,2.414,1.955,
02/04/2019,2.254,2.244,2.313,2.371,2.145,1.931,2.246,2.365,2.396,1.918,
02/11/2019,2.276,2.236,2.294,2.37,2.135,1.959,2.209,2.332,2.382,1.952,
02/18/2019,2.317,2.267,2.308,2.408,2.166,2.048,2.201,2.323,2.367,2.049,
02/25/2019,2.39,2.349,2.374,2.477,2.262,2.113,2.31,2.368,2.447,2.107,
03/04/2019,2.422,2.385,2.389,2.491,2.318,2.181,2.43,2.376,2.461,2.164,
03/11/2019,2.471,2.43,2.424,2.546,2.358,2.217,2.427,2.397,2.521,2.205,
03/18/2019,2.548,2.518,2.48,2.624,2.46,2.301,2.578,2.448,2.601,2.292,
03/25/2019,2.623,2.567,2.538,2.677,2.505,2.379,2.579,2.513,2.635,2.379,
04/01/2019,2.691,2.618,2.565,2.688,2.586,2.447,2.7,2.542,2.655,2.455,
04/08/2019,2.745,2.653,2.589,2.741,2.613,2.452,2.671,2.557,2.713,2.453,
04/15/2019,2.828,2.718,2.648,2.816,2.673,2.536,2.75,2.626,2.777,2.552,
04/22/2019,2.841,2.733,2.737,2.857,2.655,2.535,2.698,2.717,2.814,2.542,
04/29/2019,2.887,2.78,2.824,2.932,2.675,2.582,2.664,2.798,2.901,2.603,
05/06/2019,2.897,2.792,2.86,2.929,2.69,2.557,2.733,2.838,2.916,2.573,
05/13/2019,2.866,2.754,2.839,2.912,2.635,2.518,2.658,2.826,2.911,2.53,
05/20/2019,2.852,2.723,2.829,2.893,2.591,2.517,2.598,2.813,2.898,2.545,
05/27/2019,2.822,2.696,2.809,2.868,2.563,2.473,2.551,2.796,2.864,2.486,
06/03/2019,2.807,2.664,2.777,2.837,2.529,2.424,2.517,2.772,2.848,2.437,
06/10/2019,2.732,2.62,2.719,2.778,2.499,2.362,2.544,2.716,2.808,2.365,
06/17/2019,2.67,2.557,2.668,2.738,2.417,2.336,2.432,2.682,2.766,2.359,
06/24/2019,2.654,2.541,2.658,2.732,2.393,2.299,2.377,2.658,2.738,2.311,
07/01/2019,2.713,2.626,2.687,2.799,2.501,2.368,2.493,2.681,2.796,2.376,
07/08/2019,2.743,2.661,2.695,2.8,2.565,2.418,2.63,2.687,2.791,2.44,
07/15/2019,2.779,2.68,2.728,2.82,2.58,2.455,2.584,2.71,2.804,2.474,
07/22/2019,2.75,2.672,2.713,2.807,2.576,2.463,2.614,2.699,2.81,2.501,
07/29/2019,2.715,2.629,2.7,2.786,2.512,2.422,2.52,2.695,2.793,2.454,
08/05/2019,2.688,2.599,2.688,2.77,2.469,2.385,2.454,2.681,2.783,2.415,
08/12/2019,2.624,2.552,2.654,2.725,2.418,2.324,2.376,2.671,2.763,2.343,
08/19/2019,2.598,2.517,2.63,2.688,2.382,2.269,2.361,2.65,2.734,2.285,
08/26/2019,2.574,2.483,2.606,2.664,2.338,2.261,2.313,2.635,2.72,2.289,
09/02/2019,2.563,2.48,2.581,2.625,2.364,2.226,2.406,2.611,2.684,2.239,
09/09/2019,2.55,2.462,2.545,2.606,2.349,2.236,2.385,2.556,2.664,2.261,
09/16/2019,2.552,2.453,2.542,2.595,2.341,2.233,2.355,2.555,2.622,2.242,
09/23/2019,2.654,2.54,2.556,2.662,2.458,2.353,2.454,2.565,2.659,2.364,
09/30/2019,2.642,2.506,2.553,2.638,2.411,2.326,2.39,2.574,2.645,2.319,
10/07/2019,2.645,2.486,2.523,2.612,2.397,2.282,2.42,2.554,2.624,2.267,
10/14/2019,2.629,2.462,2.517,2.599,2.36,2.257,2.361,2.55,2.599,2.236,
10/21/2019,2.638,2.482,2.526,2.606,2.392,2.279,2.413,2.544,2.587,2.27,
10/28/2019,2.596,2.454,2.522,2.601,2.343,2.245,2.343,2.542,2.596,2.226,
11/04/2019,2.605,2.476,2.53,2.619,2.372,2.23,2.399,2.543,2.596,2.208,
11/11/2019,2.615,2.474,2.535,2.629,2.362,2.262,2.354,2.545,2.61,2.259,
11/18/2019,2.592,2.453,2.53,2.607,2.335,2.22,2.323,2.537,2.6,2.204,
11/25/2019,2.579,2.462,2.532,2.609,2.351,2.238,2.327,2.532,2.595,2.23,
12/02/2019,2.575,2.478,2.537,2.606,2.383,2.225,2.406,2.533,2.591,2.203,
12/09/2019,2.561,2.478,2.523,2.594,2.393,2.203,2.479,2.531,2.586,2.164,
12/16/2019,2.536,2.458,2.524,2.59,2.358,2.228,2.418,2.528,2.581,2.219,
12/23/2019,2.532,2.463,2.521,2.606,2.358,2.215,2.381,2.526,2.609,2.194,
12/30/2019,2.571,2.501,2.555,2.624,2.41,2.282,2.419,2.558,2.614,2.273,
01/06/2020,2.578,2.539,2.571,2.664,2.453,2.277,2.502,2.565,2.649,2.252,
01/13/2020,2.57,2.519,2.56,2.666,2.415,2.275,2.446,2.56,2.651,2.252,
01/20/2020,2.537,2.496,2.544,2.632,2.398,2.23,2.472,2.554,2.63,2.2,
01/27/2020,2.506,2.45,2.515,2.589,2.344,2.195,2.398,2.542,2.599,2.168,
02/03/2020,2.455,2.393,2.479,2.548,2.272,2.136,2.324,2.515,2.562,2.106,
02/10/2020,2.419,2.369,2.454,2.511,2.257,2.087,2.333,2.492,2.536,2.056,
02/17/2020,2.428,2.364,2.44,2.506,2.254,2.083,2.281,2.465,2.512,2.048,
02/24/2020,2.466,2.4,2.457,2.539,2.297,2.151,2.369,2.478,2.508,2.128,
03/02/2020,2.423,2.351,2.437,2.502,2.233,2.112,2.297,2.454,2.493,2.087,
03/09/2020,2.375,2.302,2.402,2.459,2.177,2.059,2.233,2.42,2.472,2.033,
03/16/2020,2.248,2.193,2.273,2.359,2.068,1.966,2.14,2.303,2.383,1.944,
03/23/2020,2.12,2.084,2.138,2.255,1.96,1.86,2.042,2.175,2.302,1.835,
03/30/2020,2.005,1.98,2.01,2.171,1.85,1.763,1.933,2.054,2.236,1.745,
04/06/2020,1.924,1.921,1.936,2.119,1.791,1.658,1.868,1.975,2.191,1.616,
04/13/2020,1.853,1.878,1.887,2.08,1.745,1.576,1.815,1.906,2.152,1.522,
04/20/2020,1.812,1.844,1.861,2.046,1.712,1.544,1.778,1.869,2.111,1.487,
04/27/2020,1.773,1.81,1.833,1.997,1.684,1.508,1.755,1.849,2.058,1.451,
05/04/2020,1.789,1.794,1.825,1.983,1.665,1.488,1.74,1.844,2.045,1.429,
05/11/2020,1.851,1.815,1.864,2.007,1.679,1.501,1.736,1.879,2.079,1.446,
05/18/2020,1.878,1.833,1.878,2.037,1.692,1.541,1.739,1.903,2.089,1.507,
05/25/2020,1.96,1.906,1.937,2.082,1.787,1.598,1.864,1.953,2.11,1.561,
06/01/2020,1.974,1.913,1.94,2.096,1.79,1.619,1.864,1.961,2.11,1.581,
06/08/2020,2.036,1.95,2,2.126,1.824,1.68,1.882,1.999,2.131,1.632,
06/15/2020,2.098,2.022,2.037,2.156,1.933,1.776,1.99,2.013,2.144,1.761,
06/22/2020,2.129,2.05,2.053,2.193,1.959,1.815,2.002,2.037,2.171,1.8,
06/29/2020,2.174,2.086,2.096,2.237,1.989,1.87,2.003,2.078,2.19,1.869,
07/06/2020,2.177,2.1,2.097,2.239,2.015,1.859,2.085,2.083,2.192,1.851,
07/13/2020,2.195,2.112,2.114,2.252,2.023,1.87,2.088,2.086,2.198,1.863,
07/20/2020,2.186,2.106,2.121,2.253,2.009,1.875,2.053,2.094,2.204,1.875,
07/27/2020,2.175,2.093,2.118,2.248,1.991,1.856,2.033,2.089,2.194,1.847,
08/03/2020,2.176,2.105,2.118,2.237,2.018,1.847,2.126,2.09,2.189,1.841,
08/10/2020,2.166,2.093,2.115,2.239,1.996,1.813,2.099,2.088,2.178,1.789,
08/17/2020,2.166,2.086,2.115,2.233,1.988,1.85,2.055,2.085,2.173,1.85,
08/24/2020,2.182,2.096,2.121,2.235,2.003,1.866,2.033,2.082,2.163,1.859,
08/31/2020,2.222,2.156,2.162,2.32,2.052,1.889,2.03,2.132,2.235,1.875,
09/07/2020,2.211,2.168,2.151,2.308,2.085,1.89,2.171,2.106,2.227,1.875,
09/14/2020,2.183,2.138,2.13,2.285,2.05,1.857,2.131,2.096,2.198,1.841,
09/21/2020,2.168,2.114,2.124,2.263,2.019,1.838,2.09,2.09,2.179,1.816,
09/28/2020,2.169,2.108,2.114,2.257,2.016,1.836,2.048,2.079,2.17,1.811,
10/05/2020,2.172,2.13,2.101,2.27,2.052,1.827,2.149,2.064,2.163,1.792,
10/12/2020,2.167,2.131,2.112,2.286,2.041,1.839,2.12,2.07,2.164,1.804,
10/19/2020,2.15,2.118,2.102,2.282,2.019,1.83,2.081,2.06,2.167,1.796,
10/26/2020,2.143,2.094,2.094,2.264,1.988,1.832,2.033,2.053,2.159,1.807,
11/02/2020,2.112,2.07,2.084,2.243,1.959,1.786,1.993,2.041,2.146,1.748,
11/09/2020,2.096,2.047,2.084,2.223,1.929,1.748,1.951,2.04,2.142,1.704,
11/16/2020,2.111,2.074,2.086,2.256,1.957,1.782,1.944,2.046,2.15,1.749,
11/23/2020,2.102,2.072,2.077,2.25,1.961,1.772,1.988,2.037,2.149,1.731,
11/30/2020,2.12,2.106,2.098,2.305,1.982,1.788,1.994,2.05,2.147,1.741,
12/07/2020,2.156,2.138,2.119,2.312,2.032,1.836,2.115,2.076,2.167,1.811,
,,,,,,,,,,,
